Team_Name,Tries_Scored,Conversions,Conversion_Attempts,Conversion_Percentage,Penalty_Goals,Penalty_Attempts,Penalty_Percentage,Kick_at_Goal_Success,Drop_Goals,Drop_Goal_Attempts,Kicks_from_Hand,Passes,Runs,Metres_Run,Possession(%),Clean_Breaks,Defenders_Beaten,Offloads,Rucks_Won,Total_Rucks,%Rucks_Won,Mauls_Won,Total_Mauls,%Mauls_Won,Turnovers_Conceded,Tackles_Made,Tackles_Missed,Tackling_Success_Rate,Own_Scrum_Won,Own_Scrum_Lost,Opp_Scrum_Won,Opp_Scrum_Lost,%Scrums_on_own_feed,Own_Lineout_Won,Own_Lineout_Lost,Opp_Lineout_Won,Opp_Lineout_Lost,%Lineouts_on_own_feed,Penalties_Conceeded,Yellow_Cards,Red_Cards,Referee,Playing_Location,Result,Outcome,Tot_Own_Scrums,Penalties_Won
0,2,2,2,100,2,5,40,0.57,0,0,31,138,90,493,0.37,5,18,12,43,47,0.915,1,2,0,19,143,18,0.89,6,0,1,8,0,9,1,0,13,0.9,9,1,0,0,1,20,0,6,12
1,0,0,0,0,6,6,100,1,1,2,24,159,116,501,0.63,2,18,10,85,93,0.914,1,1,1,19,59,18,0.77,8,1,0,6,1,13,0,1,9,1,12,0,0,0,0,21,1,9,9
2,4,1,4,25,3,5,60,0.44,0,1,30,101,115,409,0.51,10,25,10,67,72,0.931,3,3,1,16,87,14,0.86,5,1,0,6,1,11,1,3,18,0.917,14,1,0,0,1,31,1,6,13
3,1,1,1,100,2,4,50,0.6,1,2,32,77,100,330,0.49,2,14,5,61,71,0.859,14,1,0,18,108,25,0.81,6,0,1,5,0,18,3,1,11,0.857,13,1,0,0,0,16,0,6,14
4,1,1,1,100,1,8,12.5,0.22,0,0,16,177,130,524,0.66,6,13,16,78,82,0.951,4,4,1,20,56,7,0.89,8,0,0,8,1,13,1,5,6,0.929,8,2,0,0,1,10,0,8,15
5,2,1,2,50,2,2,100,0.75,0,0,23,79,76,420,0.34,5,7,10,36,39,0.923,1,1,1,12,121,13,0.9,8,0,0,8,1,6,5,1,13,0.545,15,1,0,0,0,18,1,8,8
0,0,0,0,0,4,5,80,0.8,1,4,38,85,59,223,0.41,1,9,2,47,48,0.979,3,3,1,7,117,10,0.92,5,3,1,8,1,15,2,2,15,0.882,12,0,0,0,1,15,1,8,7
3,0,0,0,0,3,6,50,0.5,0,0,39,114,102,234,0.59,0,10,5,79,84,0.94,10,1,1,21,58,9,0.87,8,1,3,5,1,15,2,2,15,0.882,7,0,0,0,0,9,0,9,12
6,4,3,4,75,1,3,33.33333333,0.57,0,0,22,99,88,388,0.38,9,15,4,57,61,0.934,1,2,0,9,174,28,0.86,3,2,2,2,0,7,4,3,14,0.636,12,0,0,0,1,29,1,5,8
7,3,3,3,100,0,3,0,0.5,0,0,25,206,155,573,0.62,9,28,14,10,1,0.944,2,2,1,15,92,15,0.86,2,2,2,3,1,14,3,4,7,0.824,8,0,0,0,0,21,0,4,12
8,1,0,1,0,4,6,66.66666667,0.57,0,0,26,111,109,380,0.58,5,10,6,67,72,0.931,5,6,0,22,63,14,0.82,4,1,0,7,0,17,1,2,15,0.944,11,0,0,0,1,17,0,5,14
9,3,3,3,100,2,5,40,0.62,0,0,30,91,74,214,0.42,2,14,10,43,49,0.878,4,4,1,11,119,10,0.92,7,0,1,4,1,15,2,1,17,0.882,14,1,0,0,0,27,1,7,11
2,2,1,2,50,5,5,100,0.86,0,0,38,90,97,521,0.61,5,18,9,54,60,0.9,7,7,1,20,55,14,0.8,11,1,3,4,1,10,0,1,7,1,11,0,0,0,1,27,1,12,11
10,0,0,0,0,3,3,100,1,0,0,33,114,70,448,0.39,5,14,9,39,43,0.907,0,0,0,17,92,18,0.84,4,3,1,11,0,7,1,0,10,0.875,11,1,0,0,0,9,0,7,11
1,1,1,1,100,6,6,100,1,3,1,28,98,65,313,0.4,4,9,3,46,50,0.92,2,2,1,11,118,11,0.91,9,2,1,8,1,9,2,2,14,0.818,13,2,0,0,1,34,1,11,9
11,1,1,1,100,1,2,50,0.67,0,0,11,107,100,332,0.6,1,11,2,81,88,0.92,8,10,0,19,63,9,0.88,8,1,2,9,0,14,2,2,9,0.875,9,0,0,0,0,10,0,9,13
12,6,5,6,83.33333333,1,2,50,0.75,0,0,12,186,142,634,0.57,16,26,17,91,96,0.948,5,5,1,22,95,13,0.88,6,0,1,4,1,13,0,1,12,1,15,1,0,0,1,43,1,6,8
13,2,1,2,50,3,4,75,0.67,0,0,19,83,87,341,0.43,7,13,7,60,64,0.938,6,8,0,13,148,26,0.85,4,1,0,6,0,12,1,0,13,0.923,8,0,0,0,0,21,0,5,15
7,4,3,4,75,3,3,100,0.86,0,0,23,90,89,419,0.49,7,17,7,54,58,0.931,0,0,0,11,120,14,0.9,6,4,2,5,0,11,4,3,7,0.733,12,1,0,0,1,35,1,10,8
4,3,3,3,100,1,3,33.33333333,0.67,0,0,16,158,114,346,0.51,7,14,12,70,76,0.921,3,4,0,19,94,17,0.85,5,2,4,6,0,7,3,4,11,0.7,8,0,0,0,0,24,0,7,12
14,5,2,5,40,1,4,25,0.33,1,0,23,186,152,776,0.67,17,42,9,11,1,0.965,1,1,1,18,82,15,0.85,8,1,0,7,1,7,1,3,9,0.875,11,1,0,0,1,35,1,9,8
0,2,2,2,100,0,2,0,0.5,0,0,17,115,79,372,0.33,6,15,7,44,52,0.846,3,4,0,24,170,42,0.8,7,0,1,8,0,9,3,1,7,0.75,8,0,0,0,0,14,0,7,11
11,1,1,1,100,4,4,100,1,0,0,18,137,113,378,0.5,4,21,5,89,94,0.947,3,4,0,13,113,11,0.91,8,0,2,7,0,7,5,0,9,0.583,10,0,0,0,1,19,1,8,11
10,2,1,2,50,2,2,100,0.75,0,0,23,134,112,245,0.5,4,11,4,81,82,0.988,0,0,0,16,127,21,0.86,7,2,0,8,0,9,0,5,7,1,11,0,0,0,0,18,0,9,10
5,3,3,3,100,0,2,0,0.6,0,0,22,144,137,603,0.51,11,17,17,74,78,0.949,2,3,0,19,109,20,0.84,7,0,0,5,0,10,2,3,10,0.833,11,0,0,0,1,21,1,7,6
6,1,1,1,100,4,4,100,1,0,0,24,129,115,462,0.49,9,20,8,71,78,0.91,3,3,1,23,118,17,0.87,5,0,0,7,1,10,3,2,10,0.769,6,0,0,0,0,19,0,5,11
12,4,3,4,75,2,2,100,0.83,0,0,25,142,113,455,0.53,7,11,15,74,77,0.961,1,1,1,16,87,14,0.86,5,2,1,11,1,10,6,3,20,0.625,13,1,0,0,1,32,1,7,13
9,1,0,1,0,0,0,0,0,0,0,22,111,90,286,0.47,3,14,8,51,60,0.85,3,4,0,22,115,11,0.91,11,1,2,5,0,20,3,6,10,0.87,13,0,0,0,0,5,0,12,13
13,2,2,2,100,0,0,0,1,0,0,19,175,124,453,0.51,7,28,14,82,88,0.932,3,3,1,15,111,13,0.9,5,3,1,6,1,19,3,2,15,0.864,10,0,0,0,1,14,0,8,13
8,3,3,3,100,2,3,66.66666667,0.83,0,0,23,156,109,401,0.49,7,13,6,83,86,0.965,3,3,1,19,114,28,0.8,6,1,3,5,1,15,2,3,19,0.882,13,1,0,0,0,27,1,7,10
3,1,1,1,100,5,7,71.42857143,0.75,1,1,34,82,75,250,0.5,3,5,3,51,56,0.911,8,12,0,15,81,7,0.92,9,1,0,9,0,12,0,5,12,1,8,0,0,0,1,25,1,10,11
1,2,2,2,100,1,2,50,0.75,0,0,27,95,71,204,0.5,0,7,3,50,55,0.909,1,2,0,14,93,5,0.95,9,0,1,9,0,12,5,0,12,0.706,11,0,0,0,0,17,0,9,8
10,2,1,2,50,3,3,100,0.8,0,0,24,126,88,382,0.39,8,23,4,66,68,0.971,1,1,1,16,145,19,0.88,5,0,1,10,1,9,5,0,11,0.643,7,0,0,0,1,21,0,5,10
8,4,3,4,75,1,1,100,0.8,0,0,21,162,147,418,0.61,17,19,16,10,1,0.972,1,1,1,17,83,23,0.78,10,1,0,5,1,11,0,5,9,1,10,0,0,0,0,29,1,11,7
9,5,3,5,60,4,5,80,0.7,0,1,27,179,129,511,0.55,7,14,14,79,86,0.919,3,3,1,15,99,13,0.88,4,1,1,4,1,9,1,2,13,0.9,13,0,0,0,1,43,1,5,10
0,3,3,3,100,4,6,66.66666667,0.78,0,0,24,118,97,419,0.45,8,13,8,56,64,0.875,3,3,1,18,141,14,0.91,4,1,1,4,1,13,2,1,9,0.867,10,1,0,0,0,33,0,5,13
4,1,0,1,0,3,3,100,0.75,0,0,18,170,136,335,0.55,1,13,9,90,95,0.947,3,3,1,13,105,15,0.88,8,1,2,5,1,9,3,4,10,0.75,11,0,0,0,1,14,1,9,12
11,1,1,1,100,2,2,100,1,0,0,20,125,101,248,0.45,4,15,6,70,75,0.933,5,6,0,14,135,13,0.91,5,2,1,8,0,10,4,3,9,0.714,12,0,0,0,0,13,0,7,11
13,4,3,4,75,2,4,50,0.62,0,0,38,127,116,297,0.51,4,18,9,81,84,0.964,5,6,0,14,126,12,0.91,5,0,2,8,0,15,0,1,11,1,8,0,0,0,1,32,1,5,11
14,1,1,1,100,0,0,0,1,0,0,22,127,105,448,0.49,4,12,7,74,79,0.937,1,2,0,16,135,18,0.88,8,2,0,5,0,11,1,0,15,0.917,11,0,0,0,0,7,0,10,8
3,4,3,4,75,3,4,75,0.75,1,1,21,128,109,392,0.53,6,17,10,85,89,0.955,6,6,1,15,103,13,0.89,2,2,4,5,1,10,0,2,10,1,10,0,0,0,1,38,1,4,9
7,1,1,1,100,5,5,100,1,0,0,23,150,100,376,0.47,3,13,8,73,75,0.973,3,3,1,13,116,17,0.87,5,4,2,2,1,10,2,0,10,0.833,9,0,0,0,0,22,0,9,10
2,4,4,4,100,3,3,100,1,0,0,24,91,91,354,0.56,8,22,4,64,67,0.955,6,8,0,14,38,8,0.83,2,4,1,5,0,10,2,5,16,0.833,14,1,0,0,1,37,1,6,8
1,2,2,2,100,3,3,100,1,0,0,31,70,52,221,0.44,2,8,4,32,34,0.941,7,7,1,14,105,22,0.83,5,1,4,2,1,16,5,2,10,0.762,8,1,0,0,0,23,0,6,14
5,5,4,5,80,1,2,50,0.71,0,0,19,166,130,644,0.56,15,33,15,76,78,0.974,1,1,1,13,89,15,0.86,7,1,1,6,1,10,4,0,16,0.714,11,0,0,0,1,36,1,8,6
11,2,2,2,100,2,3,66.66666667,0.8,0,0,22,129,92,279,0.44,8,15,5,55,58,0.948,5,7,0,21,116,33,0.78,6,1,1,7,0,16,0,4,10,1,6,0,0,0,0,20,0,7,11
14,1,1,1,100,4,5,80,0.83,0,0,26,114,82,292,0.55,5,15,7,58,60,0.967,4,4,1,11,88,10,0.9,8,0,0,6,1,15,3,3,13,0.833,12,0,0,0,1,19,0,8,9
4,1,1,1,100,6,6,100,1,0,0,26,112,84,267,0.45,3,10,9,47,49,0.959,5,5,1,14,104,15,0.87,6,0,0,8,1,13,3,3,15,0.812,9,0,0,0,0,25,1,6,12
10,9,6,9,66.66666667,1,2,50,0.64,0,0,27,210,151,735,0.6,18,31,11,98,10,0.951,0,0,0,13,112,21,0.84,2,1,0,2,0,11,1,3,8,0.917,8,0,0,0,1,60,1,3,8
0,3,3,3,100,2,3,66.66666667,0.83,0,0,22,195,136,529,0.4,6,21,18,65,74,0.878,2,2,1,16,170,31,0.85,2,0,1,2,1,8,3,1,11,0.727,8,1,0,0,0,27,0,2,8
6,3,1,3,33.33333333,4,5,80,0.62,0,0,15,135,121,462,0.6,10,29,13,78,82,0.951,4,4,1,12,78,11,0.88,9,0,2,7,1,8,2,1,6,0.8,5,0,0,0,1,29,0,9,13
13,4,4,4,100,1,1,100,1,0,0,20,62,70,298,0.4,6,11,3,46,48,0.958,2,2,1,9,123,29,0.81,7,2,0,9,1,6,1,2,8,0.857,13,2,0,0,0,31,1,9,5
8,3,2,3,66.66666667,3,3,100,0.83,0,1,18,83,79,299,0.4,6,14,5,54,58,0.931,3,5,0,13,120,18,0.87,5,0,3,6,0,13,0,1,11,1,15,2,0,0,1,28,1,5,9
12,2,2,2,100,3,4,75,0.83,0,0,16,158,114,431,0.6,7,18,8,86,88,0.977,0,0,0,8,86,14,0.86,6,3,0,5,0,11,1,0,13,0.917,9,0,0,0,0,23,0,9,15
2,2,2,2,100,7,7,100,1,0,2,31,84,89,359,0.5,3,14,10,56,60,0.933,5,7,0,13,79,12,0.87,7,0,2,4,0,13,1,3,15,0.929,10,0,0,0,1,35,1,7,15
9,2,2,2,100,2,2,100,1,0,0,24,120,89,480,0.5,4,12,13,49,55,0.891,4,4,1,16,86,14,0.86,4,2,0,7,1,15,3,1,13,0.833,15,1,0,0,0,20,0,6,10
6,2,2,2,100,7,8,87.5,0.9,0,1,27,109,100,464,0.36,6,22,8,69,72,0.958,2,2,1,12,216,33,0.87,4,1,0,3,1,6,0,0,7,1,13,1,0,0,1,35,1,5,12
10,3,2,3,66.66666667,4,4,100,0.86,0,0,16,244,180,660,0.64,8,33,17,13,1,0.951,1,1,1,20,112,22,0.84,3,0,1,4,1,7,0,0,6,1,12,0,0,0,0,31,0,3,13
12,4,3,4,75,2,2,100,0.83,0,0,18,133,124,468,0.47,9,20,25,59,60,0.983,2,2,1,15,117,12,0.91,10,1,2,8,1,9,3,1,14,0.75,11,0,0,0,1,32,1,11,10
14,1,0,1,0,1,2,50,0.33,0,0,18,132,114,292,0.53,1,12,13,76,79,0.962,5,6,0,21,87,20,0.81,8,2,1,10,0,14,1,3,9,0.933,10,1,0,0,0,8,0,10,11
7,4,4,4,100,4,5,80,0.89,0,0,17,79,88,255,0.53,3,11,5,58,64,0.906,2,2,1,9,99,11,0.9,9,1,3,5,1,7,3,2,10,0.7,12,0,0,0,1,40,1,10,10
0,3,3,3,100,3,3,100,1,0,0,13,144,124,448,0.47,7,11,10,60,64,0.938,7,8,0,17,96,11,0.9,5,3,1,9,0,10,2,3,7,0.833,10,1,0,0,0,30,0,8,12
8,3,2,3,66.66666667,2,4,50,0.57,0,0,28,132,105,319,0.51,2,16,8,79,83,0.952,2,2,1,12,115,24,0.83,2,1,1,6,1,14,1,5,11,0.933,11,0,0,0,1,25,1,3,11
11,2,1,2,50,1,3,33.33333333,0.4,0,0,26,107,105,433,0.49,5,24,7,74,77,0.961,2,2,1,11,113,16,0.88,6,1,1,2,1,11,5,1,14,0.688,11,1,0,0,0,15,0,7,11
13,2,1,2,50,2,3,66.66666667,0.6,0,0,28,87,93,272,0.47,2,8,3,67,71,0.944,6,6,1,12,139,16,0.9,9,1,1,7,1,11,2,3,7,0.846,10,0,0,0,1,18,1,10,9
5,0,0,0,0,5,5,100,1,0,0,16,126,132,379,0.53,1,16,15,90,94,0.957,0,0,0,19,112,8,0.93,7,1,1,9,0,7,3,2,11,0.7,9,1,0,0,0,15,0,8,10
1,2,2,2,100,3,3,100,1,0,1,19,132,115,459,0.57,3,23,14,71,75,0.947,7,8,0,18,98,17,0.85,13,1,1,3,0,22,2,4,7,0.917,4,0,0,0,1,23,1,14,16
9,2,2,2,100,2,2,100,1,0,0,27,122,88,266,0.43,3,17,6,73,76,0.961,2,3,0,14,97,23,0.81,3,1,1,13,0,7,4,2,22,0.636,16,2,0,0,0,20,0,4,4
3,2,2,2,100,2,2,100,1,1,2,42,96,75,381,0.46,6,12,4,49,51,0.961,7,8,0,10,103,15,0.87,3,3,1,5,0,15,0,2,16,1,10,0,0,0,1,23,1,6,7
2,1,1,1,100,4,5,80,0.83,0,2,40,95,99,352,0.54,3,15,8,62,69,0.899,3,3,1,18,64,12,0.84,5,1,3,3,1,16,2,0,15,0.889,7,0,0,0,0,19,0,6,10
4,3,1,3,33.33333333,3,4,75,0.57,0,0,23,136,107,431,0.4,11,21,9,58,64,0.906,2,3,0,19,157,33,0.83,2,0,1,7,0,11,3,3,11,0.786,9,0,0,0,1,26,0,2,11
10,4,3,4,75,1,3,33.33333333,0.57,0,0,31,150,135,458,0.6,9,34,8,97,98,0.99,2,2,1,7,90,21,0.81,7,1,0,2,1,11,3,3,11,0.786,11,0,0,0,0,29,1,8,9
14,2,2,2,100,6,6,100,1,0,0,27,136,136,496,0.58,7,19,10,10,1,0.963,2,2,1,14,123,8,0.94,3,2,0,5,1,8,0,2,13,1,9,0,0,0,1,32,1,5,11
8,3,3,3,100,1,1,100,1,0,0,23,137,100,316,0.42,4,8,7,67,71,0.944,3,3,1,20,169,19,0.9,5,0,2,3,1,13,2,0,8,0.867,11,1,0,0,0,24,0,5,9
7,3,3,3,100,3,5,60,0.75,0,0,28,122,122,350,0.53,5,22,10,89,91,0.978,2,2,1,15,101,19,0.84,6,0,0,7,1,12,2,0,12,0.857,8,0,0,0,1,30,1,6,13
6,0,0,0,0,4,4,100,1,0,0,25,150,118,325,0.47,2,19,14,74,83,0.892,0,0,0,21,127,22,0.85,7,0,0,6,0,12,0,2,12,1,13,0,0,0,0,12,0,7,8
9,1,1,1,100,4,6,66.66666667,0.71,1,0,35,155,149,537,0.64,2,18,9,10,1,0.972,3,3,1,15,72,14,0.84,8,0,0,7,1,9,2,7,8,0.818,7,0,0,0,1,22,1,8,9
11,2,2,2,100,1,2,50,0.75,0,0,25,90,78,420,0.36,4,14,5,44,48,0.917,2,2,1,17,148,18,0.89,7,0,0,8,1,8,7,2,9,0.533,9,0,0,0,0,17,0,7,7
3,3,2,3,66.66666667,5,5,100,0.88,0,1,28,80,67,135,0.45,1,10,3,48,52,0.923,5,6,0,16,136,23,0.86,7,1,4,4,0,11,0,3,7,1,7,0,0,0,1,34,3,8,12
5,5,3,5,60,1,3,33.33333333,0.5,0,0,17,156,131,687,0.55,12,23,20,80,82,0.976,0,2,0,16,77,10,0.89,4,4,1,7,0,7,3,0,11,0.7,12,1,0,0,0,34,3,8,7
2,2,2,2,100,6,7,85.71428571,0.89,0,0,16,120,116,301,0.55,3,12,12,79,82,0.963,9,10,0,19,119,18,0.87,7,0,4,2,0,14,1,1,8,0.933,9,0,0,0,1,32,1,7,20
12,1,1,1,100,1,3,33.33333333,0.5,0,0,9,139,112,421,0.45,5,18,10,62,69,0.899,2,2,1,23,142,12,0.92,2,4,0,7,1,8,1,1,14,0.889,20,1,0,0,0,10,0,6,9
6,3,3,3,100,4,6,66.66666667,0.78,0,0,19,111,103,333,0.45,4,14,9,56,60,0.933,0,1,0,15,115,15,0.88,5,0,2,8,0,10,1,1,7,0.909,10,0,0,0,1,33,1,5,14
14,3,3,3,100,3,4,75,0.86,0,0,15,106,106,406,0.55,7,15,7,75,79,0.949,2,3,0,19,86,14,0.86,8,2,0,5,0,7,1,1,10,0.875,14,0,0,0,0,30,0,10,10
8,3,1,3,33.33333333,3,4,75,0.57,0,0,33,115,117,364,0.55,8,21,9,90,93,0.968,6,6,1,21,108,18,0.86,5,2,0,8,1,14,0,3,12,1,13,0,0,0,1,26,1,7,8
7,0,0,0,0,3,4,75,0.75,0,0,35,91,103,363,0.45,4,18,6,67,73,0.918,3,3,1,17,140,21,0.87,8,0,2,5,1,12,3,0,14,0.8,8,0,0,0,0,9,0,8,13
10,1,1,1,100,6,6,100,1,0,0,30,179,149,601,0.62,8,24,17,10,1,0.963,0,0,0,17,83,11,0.88,5,1,2,8,0,11,1,2,12,0.917,10,0,0,0,1,25,1,6,8
3,2,2,2,100,2,3,66.66666667,0.8,0,1,28,73,75,280,0.38,3,11,5,49,54,0.907,8,8,1,14,175,24,0.88,8,2,1,5,1,12,2,1,11,0.857,8,0,0,0,0,20,0,10,10
9,2,2,2,100,5,6,83.33333333,0.88,0,1,22,125,95,378,0.44,7,15,7,67,71,0.944,0,0,0,11,131,17,0.89,3,1,0,6,0,12,1,2,7,0.923,9,0,0,0,1,29,0,4,10
13,3,1,3,33.33333333,4,6,66.66666667,0.56,1,0,21,142,117,412,0.56,6,17,8,91,95,0.958,2,2,1,11,87,15,0.85,6,0,1,3,1,7,2,1,12,0.778,10,1,0,0,0,32,1,6,9
0,4,4,4,100,5,7,71.42857143,0.82,0,1,24,117,110,436,0.44,7,19,18,53,60,0.883,3,3,1,6,129,28,0.82,7,0,1,2,1,8,0,2,13,1,12,0,0,0,1,43,3,7,13
5,6,5,6,83.33333333,1,2,50,0.75,0,0,21,157,147,551,0.56,9,28,15,81,87,0.931,4,5,0,15,86,19,0.82,2,1,0,7,0,13,2,0,8,0.867,13,0,0,0,0,43,3,3,12
1,1,1,1,100,0,1,0,0.5,0,1,18,112,94,362,0.61,7,12,17,55,65,0.846,7,8,0,22,50,14,0.78,5,0,2,11,0,16,6,1,8,0.727,8,0,0,0,1,7,0,5,7
4,3,2,3,66.66666667,3,5,60,0.62,0,0,35,93,57,345,0.39,7,14,10,23,26,0.885,1,2,0,16,89,12,0.88,11,2,0,5,0,8,1,6,16,0.889,7,0,0,0,0,28,1,13,8
11,1,0,1,0,2,4,50,0.4,0,0,19,82,67,198,0.43,4,12,2,48,56,0.857,10,1,1,18,113,10,0.92,8,0,1,7,1,14,3,2,14,0.824,11,0,0,0,1,11,0,8,15
12,1,1,1,100,5,5,100,1,0,0,21,140,116,347,0.57,0,10,13,80,83,0.964,1,2,0,14,74,12,0.86,7,1,0,8,0,14,2,3,14,0.875,15,1,0,0,0,22,1,8,11
6,3,3,3,100,2,2,100,1,0,0,26,95,72,438,0.4,10,19,3,48,52,0.923,1,2,0,13,126,15,0.89,8,5,1,6,0,8,2,1,18,0.8,14,0,0,0,1,27,1,13,7
3,2,2,2,100,2,2,100,1,0,0,20,137,126,389,0.6,5,15,7,85,94,0.904,7,10,0,23,75,19,0.8,6,1,5,8,0,18,1,2,8,0.947,7,0,0,0,0,20,0,7,14
9,2,2,2,100,2,2,100,1,0,0,26,131,106,293,0.55,8,15,7,72,75,0.96,5,5,1,16,87,11,0.89,9,1,2,7,1,11,1,1,9,0.917,7,0,0,0,1,20,0,10,6
8,2,2,2,100,3,4,75,0.83,0,0,30,114,100,365,0.45,5,11,15,56,56,1,2,2,1,12,104,15,0.87,7,2,1,9,1,9,1,1,11,0.9,6,0,0,0,0,23,1,9,7
5,1,1,1,100,5,5,100,1,0,0,18,77,82,290,0.4,5,9,8,61,63,0.968,3,3,1,14,139,10,0.93,5,0,1,10,1,9,1,1,11,0.9,15,1,0,0,1,22,1,5,8
14,1,1,1,100,3,4,75,0.8,0,0,17,129,117,328,0.6,3,10,12,85,89,0.955,7,7,1,17,114,9,0.93,10,1,0,5,1,11,1,1,9,0.917,8,1,0,0,0,16,0,11,15
13,3,2,3,66.66666667,3,3,100,0.83,0,0,21,53,63,332,0.33,5,6,1,44,46,0.957,2,3,0,15,168,19,0.9,7,2,1,12,0,12,5,0,6,0.706,9,0,0,0,1,28,1,9,12
12,1,1,1,100,3,4,75,0.8,0,0,15,223,184,676,0.67,10,19,11,10,1,0.931,2,2,1,22,72,6,0.92,12,1,2,7,1,6,0,5,12,1,12,0,0,0,0,16,0,13,9
0,4,4,4,100,1,2,50,0.83,0,0,25,151,96,506,0.48,9,18,5,55,60,0.917,4,5,0,16,74,17,0.81,4,0,2,6,0,10,2,1,10,0.833,8,0,0,0,1,31,0,4,7
4,6,5,6,83.33333333,4,5,80,0.82,0,0,31,124,87,478,0.52,9,17,8,58,59,0.983,1,1,1,6,83,18,0.82,6,2,0,4,1,10,1,2,10,0.909,7,0,0,0,0,52,1,8,8
1,0,0,0,0,4,4,100,1,0,1,27,81,83,358,0.5,4,13,8,50,60,0.833,2,3,0,16,98,18,0.84,8,1,1,3,0,8,4,2,12,0.667,14,0,0,0,1,12,0,9,12
2,1,1,1,100,6,9,66.66666667,0.7,0,2,20,115,99,567,0.5,7,18,9,58,64,0.906,2,4,0,23,79,13,0.86,3,1,1,8,0,12,2,4,8,0.857,12,1,0,0,0,25,1,4,14
10,5,4,5,80,2,4,50,0.67,0,0,41,135,124,545,0.53,7,23,9,79,84,0.94,3,4,0,17,109,13,0.89,11,1,1,7,0,7,0,3,12,1,12,1,0,0,1,39,1,12,6
7,2,2,2,100,2,2,100,1,0,0,25,125,122,484,0.47,10,13,10,76,82,0.927,3,4,0,23,119,23,0.84,7,1,1,11,0,12,3,0,7,0.8,6,0,0,0,0,20,0,8,12
14,1,1,1,100,5,7,71.42857143,0.75,0,0,26,172,151,468,0.55,3,20,14,10,1,0.982,1,2,0,14,146,15,0.91,6,1,3,1,0,8,1,2,11,0.889,9,1,0,0,1,22,1,7,13
13,1,1,1,100,3,3,100,1,0,1,19,127,113,346,0.45,2,15,11,82,85,0.965,4,5,0,11,169,20,0.89,1,3,1,6,0,11,2,1,8,0.846,13,0,0,0,0,16,0,4,9
5,1,0,1,0,4,5,80,0.67,0,0,33,101,119,353,0.58,3,18,3,94,99,0.949,1,1,1,14,74,13,0.85,3,0,0,9,1,12,6,1,12,0.667,13,0,0,0,1,17,0,3,9
4,0,0,0,0,6,8,75,0.75,0,0,39,100,81,338,0.42,5,13,4,55,61,0.902,7,8,0,13,142,18,0.89,9,0,0,3,0,12,1,6,12,0.923,9,1,0,0,0,18,1,9,13
12,1,1,1,100,4,7,57.14285714,0.62,0,0,25,150,99,488,0.47,5,14,8,67,70,0.957,1,1,1,16,98,18,0.84,4,1,0,11,1,8,2,1,8,0.8,9,0,0,0,1,19,1,5,12
3,0,0,0,0,4,4,100,1,0,1,26,101,104,550,0.53,4,18,8,64,72,0.889,3,4,0,13,98,14,0.88,11,0,1,4,0,8,1,2,8,0.889,12,1,0,0,0,12,0,11,9
2,1,1,1,100,4,7,57.14285714,0.62,0,1,33,122,115,439,0.61,7,22,21,75,79,0.949,3,4,0,19,63,10,0.86,8,0,1,3,0,11,3,3,9,0.786,9,0,0,0,1,19,1,8,14
0,1,0,1,0,1,2,50,0.33,0,0,35,122,79,373,0.39,5,10,10,42,50,0.84,5,5,1,19,120,22,0.85,3,1,0,8,1,9,3,3,11,0.75,14,1,0,0,0,8,0,4,9
11,2,1,2,50,2,3,66.66666667,0.6,0,0,18,171,134,469,0.51,11,11,11,78,89,0.876,2,4,0,18,120,12,0.91,5,1,1,7,0,7,0,6,16,1,20,1,0,0,1,18,1,6,12
1,0,0,0,0,1,2,50,0.5,0,0,13,155,125,314,0.49,4,12,11,82,90,0.911,9,9,1,18,120,11,0.92,7,1,1,5,1,16,6,0,7,0.727,12,0,0,0,0,3,0,8,20
7,2,1,2,50,3,3,100,0.8,0,0,28,132,110,434,0.51,8,19,11,81,84,0.964,1,1,1,15,137,19,0.88,12,1,0,5,1,7,2,1,16,0.778,14,0,0,0,1,21,1,13,8
12,1,1,1,100,2,4,50,0.6,0,0,15,186,149,578,0.49,11,19,14,86,92,0.935,1,2,0,26,133,19,0.88,5,0,1,12,0,16,1,2,7,0.941,8,0,0,0,0,13,0,5,14
8,5,2,5,40,4,5,80,0.6,0,0,18,95,85,315,0.41,8,11,2,62,63,0.984,4,4,1,10,129,13,0.91,2,4,1,3,1,11,1,1,10,0.917,11,0,0,0,1,41,1,6,11
5,2,2,2,100,3,4,75,0.83,0,0,14,171,139,425,0.59,3,13,14,97,10,0.933,2,2,1,16,86,11,0.89,3,1,4,2,1,10,1,1,11,0.909,11,1,0,0,0,23,0,4,11
2,0,0,0,0,6,8,75,0.75,0,1,32,110,96,331,0.57,4,16,9,66,69,0.957,7,8,0,22,65,14,0.82,5,1,3,7,0,14,0,1,14,1,7,0,0,0,1,18,0,6,15
6,4,4,4,100,2,2,100,1,0,0,39,110,84,385,0.43,2,14,13,46,49,0.939,4,4,1,13,104,16,0.87,7,3,1,5,1,14,1,0,14,0.933,15,1,0,0,0,34,1,10,7
10,5,2,5,40,2,3,66.66666667,0.5,0,1,24,165,119,594,0.52,10,37,13,81,84,0.964,3,4,0,23,99,19,0.84,7,0,0,10,0,12,2,3,9,0.857,6,0,0,0,1,35,1,7,6
9,2,1,2,50,3,3,100,0.8,0,0,25,120,98,320,0.48,6,19,9,67,75,0.893,2,3,0,17,132,37,0.78,10,0,0,7,0,9,3,2,12,0.75,6,0,0,0,0,21,0,10,6
13,0,0,0,0,5,5,100,1,0,1,45,72,90,318,0.48,2,19,3,62,63,0.984,1,1,1,15,98,10,0.91,7,0,0,9,1,9,6,1,14,0.6,6,0,0,0,1,15,1,7,11
3,0,0,0,0,3,3,100,1,0,1,43,75,97,380,0.52,4,10,4,57,62,0.919,7,10,0,22,106,19,0.85,9,0,0,7,0,14,1,6,9,0.933,11,0,0,0,0,9,0,9,6
0,5,2,3,66.66666667,2,3,66.66666667,0.67,0,0,33,151,111,513,0.49,7,20,15,77,80,0.962,1,1,1,6,115,30,0.79,6,0,1,4,1,7,1,2,6,0.875,7,0,0,0,1,35,1,6,9
11,3,2,3,66.66666667,1,2,50,0.6,0,0,27,189,120,520,0.51,8,30,10,88,92,0.957,0,0,0,12,96,20,0.83,4,1,0,6,0,6,2,1,7,0.75,9,0,0,0,0,22,0,5,7
7,5,5,5,100,3,3,100,1,0,0,21,156,134,598,0.46,10,23,15,73,77,0.948,1,1,1,14,177,13,0.93,7,0,1,7,1,13,1,0,12,0.929,10,1,0,0,1,44,1,7,12
9,2,2,2,100,0,2,0,0.5,0,0,19,163,144,343,0.54,1,13,11,98,10,0.961,5,6,0,15,117,23,0.84,7,1,0,7,0,12,0,1,13,1,12,1,0,0,0,14,0,8,10
14,1,1,1,100,3,3,100,1,0,0,30,146,141,669,0.63,7,31,14,93,10,0.921,6,7,0,19,87,18,0.83,6,1,2,5,0,15,2,0,8,0.882,9,0,0,0,1,16,0,7,9
2,1,1,1,100,5,5,100,1,0,0,36,135,96,410,0.37,6,18,16,49,55,0.891,6,6,1,21,137,31,0.82,5,2,1,6,1,8,0,2,15,1,9,0,0,0,0,22,1,7,9
4,3,2,3,66.66666667,7,8,87.5,0.82,0,0,43,114,109,512,0.45,14,20,6,71,75,0.947,3,3,1,12,133,19,0.88,2,0,3,0,1,16,0,2,16,1,9,1,0,0,1,40,1,2,12
8,2,2,2,100,2,3,66.66666667,0.8,0,0,38,163,145,636,0.55,11,19,11,81,88,0.92,7,7,1,12,91,20,0.82,0,3,0,2,1,16,2,0,16,0.889,12,0,0,0,0,20,0,3,9
5,6,4,6,66.66666667,0,1,0,0.57,0,0,24,138,122,534,0.59,11,20,20,74,81,0.914,3,6,0,17,69,9,0.88,5,0,0,10,0,10,1,4,11,0.909,11,0,0,0,1,38,1,5,7
1,1,0,1,0,1,2,50,0.33,0,0,19,94,65,263,0.41,5,9,6,36,44,0.818,4,5,0,15,141,20,0.88,10,0,0,5,0,11,4,1,10,0.733,7,0,0,0,0,8,0,10,11
12,5,4,5,80,2,2,100,0.86,0,0,16,165,144,480,0.57,11,28,10,97,10,0.951,3,3,1,15,133,34,0.8,12,2,0,6,1,6,3,0,6,0.667,8,0,0,0,1,39,1,14,7
10,3,3,3,100,3,3,100,1,0,0,12,134,116,478,0.43,11,34,9,81,88,0.92,1,1,1,22,156,28,0.85,6,0,2,12,1,6,0,3,6,1,7,0,0,0,0,30,0,6,8
11,4,3,4,75,1,2,50,0.67,0,0,21,171,146,540,0.66,9,24,10,10,1,0.981,8,8,1,12,70,19,0.79,4,1,0,5,1,14,3,1,5,0.824,3,1,0,0,1,29,1,5,12
6,4,4,4,100,0,0,0,1,0,0,24,104,83,375,0.34,8,19,11,49,53,0.925,2,2,1,13,149,24,0.86,5,0,1,4,1,5,1,3,14,0.833,12,1,0,0,0,28,0,5,3
3,2,2,2,100,4,4,100,1,0,0,27,102,90,382,0.51,3,13,4,65,69,0.942,10,1,0,13,80,13,0.86,5,1,1,4,0,15,2,0,12,0.882,9,1,0,0,1,26,1,6,13
0,2,1,2,50,3,5,60,0.57,0,0,22,140,90,505,0.49,10,12,7,59,62,0.952,1,1,1,13,104,13,0.89,4,1,1,5,1,12,0,2,15,1,13,0,0,0,0,21,0,5,9
5,4,3,4,75,2,3,66.66666667,0.71,0,0,21,59,67,282,0.38,7,4,5,44,47,0.936,4,6,0,9,112,18,0.86,4,2,0,11,0,10,2,0,14,0.833,15,1,0,0,1,32,1,6,7
7,2,2,2,100,2,2,100,1,0,0,22,93,84,270,0.62,7,18,2,61,68,0.897,4,7,0,13,67,4,0.94,11,0,2,4,0,14,0,2,10,1,7,0,0,0,0,20,0,11,15
14,2,1,2,50,1,4,25,0.33,0,0,13,121,107,329,0.52,7,13,19,65,71,0.915,3,3,1,9,123,12,0.91,10,1,0,4,1,10,0,0,11,1,12,0,0,0,1,15,0,11,11
10,1,1,1,100,6,8,75,0.78,0,0,16,137,110,423,0.48,6,12,10,74,76,0.974,7,7,1,12,112,13,0.9,4,0,1,10,1,11,0,0,10,1,11,1,0,0,0,25,1,4,12
6,3,1,3,33.33333333,1,1,100,0.5,1,0,24,93,81,312,0.31,12,20,10,39,43,0.907,1,3,0,10,167,19,0.9,7,1,0,8,0,10,2,0,20,0.833,13,1,0,0,1,23,1,8,8
1,4,1,4,25,0,0,0,0.25,0,1,17,169,161,520,0.69,7,19,8,10,1,0.945,12,1,0,16,69,20,0.78,8,0,1,7,0,20,0,2,10,1,8,0,0,0,0,22,0,8,13
8,1,1,1,100,3,7,42.85714286,0.5,0,0,45,52,69,266,0.38,3,9,7,33,35,0.943,5,5,1,12,124,19,0.87,7,2,0,2,1,10,3,2,14,0.769,10,0,0,0,1,16,1,9,12
2,0,0,0,0,3,6,50,0.5,0,0,42,100,118,415,0.62,3,19,8,76,79,0.962,9,9,1,15,42,9,0.82,2,0,2,7,1,14,2,3,10,0.875,12,0,0,0,0,9,0,2,10
0,1,1,1,100,3,4,75,0.8,0,0,18,196,122,402,0.63,6,19,14,85,95,0.895,9,11,0,14,69,17,0.8,2,2,0,6,0,21,1,3,8,0.955,8,0,0,0,1,16,0,4,14
13,2,2,2,100,3,3,100,1,0,0,25,115,70,308,0.37,8,17,7,53,55,0.964,1,2,0,8,118,19,0.86,6,0,2,2,0,8,3,1,21,0.727,14,1,0,0,0,23,1,6,8
3,1,1,1,100,6,6,100,1,1,0,29,103,92,328,0.54,5,11,7,67,72,0.931,8,9,0,16,105,15,0.88,8,0,0,7,0,16,3,2,6,0.842,7,0,0,0,1,28,1,8,11
11,2,1,2,50,0,0,0,0.5,0,0,20,151,111,511,0.46,9,15,11,68,73,0.932,1,1,1,22,92,11,0.89,7,0,0,8,1,6,2,3,16,0.75,11,0,0,0,0,12,0,7,7
9,4,3,4,75,1,1,100,0.8,0,0,27,147,152,495,0.54,10,17,14,71,76,0.934,7,7,1,16,97,16,0.86,2,2,1,8,1,15,1,0,11,0.938,9,0,0,0,1,29,0,4,9
4,6,6,6,100,5,5,100,1,0,0,34,118,120,644,0.46,15,16,14,55,57,0.965,2,3,0,11,116,17,0.87,8,1,2,2,0,11,0,1,15,1,9,1,0,0,0,57,1,9,9
10,1,1,1,100,3,5,60,0.67,0,0,26,159,161,508,0.55,13,24,10,11,1,0.974,4,5,0,16,112,20,0.85,1,1,0,9,0,8,5,2,13,0.615,10,0,0,0,1,16,0,2,9
6,0,0,0,0,5,5,100,1,1,0,27,92,101,262,0.45,2,20,4,72,77,0.935,1,1,1,13,161,24,0.87,9,0,1,1,1,13,2,5,8,0.867,9,0,0,0,0,18,1,9,10
4,1,1,1,100,6,9,66.66666667,0.7,0,0,32,112,92,322,0.62,2,14,8,62,67,0.925,3,4,0,15,50,12,0.81,5,1,3,2,0,11,1,1,15,0.917,9,0,0,0,1,25,0,6,16
2,3,3,3,100,3,4,75,0.86,0,1,32,50,51,170,0.38,3,12,3,29,30,0.967,8,8,1,15,82,14,0.85,2,3,1,5,1,15,1,1,11,0.938,16,1,1,0,0,30,1,5,9
9,3,3,3,100,2,2,100,1,0,0,15,128,108,414,0.5,5,5,5,74,78,0.949,7,7,1,13,117,17,0.87,6,0,0,6,1,13,3,1,6,0.812,8,0,1,0,1,27,0,6,12
14,3,3,3,100,3,4,75,0.86,0,0,18,153,140,531,0.5,16,17,26,82,87,0.943,1,1,1,10,114,5,0.96,6,0,0,6,1,6,1,3,13,0.857,12,1,0,0,0,30,1,6,8
11,3,3,3,100,1,3,33.33333333,0.67,0,0,17,114,112,295,0.47,3,26,6,86,94,0.915,5,6,0,8,144,15,0.91,5,1,1,7,0,16,1,1,11,0.941,11,2,0,0,1,24,1,6,16
13,1,0,1,0,1,1,100,0.5,0,0,18,136,126,193,0.53,0,15,6,10,1,0.955,0,1,0,6,136,26,0.84,7,1,1,5,0,11,1,1,16,0.917,16,1,0,0,0,8,0,8,11
0,2,1,2,50,4,4,100,0.83,1,1,29,110,96,403,0.54,11,25,6,65,68,0.956,8,8,1,15,88,8,0.92,4,0,2,7,1,16,2,2,11,0.889,13,1,0,0,1,27,1,4,9
8,2,1,2,50,3,6,50,0.5,0,0,25,79,76,331,0.46,4,8,6,49,50,0.98,5,6,0,14,101,25,0.8,7,2,0,4,0,11,2,2,16,0.846,9,1,0,0,0,21,0,9,13
12,5,5,5,100,2,2,100,1,0,0,19,178,150,646,0.53,12,29,14,77,80,0.962,1,1,1,21,89,13,0.87,7,2,1,11,1,8,2,2,16,0.8,13,0,0,0,1,41,1,9,9
1,1,1,1,100,2,3,66.66666667,0.75,0,1,18,123,93,357,0.47,8,13,7,59,63,0.937,7,7,1,14,130,29,0.82,11,1,2,7,1,16,2,2,8,0.889,9,1,0,0,0,13,0,12,13
7,2,2,2,100,3,4,75,0.83,0,0,26,167,173,618,0.71,7,22,14,12,1,0.946,6,7,0,13,62,12,0.84,8,2,0,3,0,13,2,2,8,0.867,9,0,0,0,1,23,0,10,13
2,2,2,2,100,4,5,80,0.86,1,0,34,76,73,312,0.29,5,12,6,44,45,0.978,6,7,0,17,172,22,0.89,3,0,2,8,0,8,2,2,13,0.8,13,2,0,0,0,29,1,3,9
14,1,1,1,100,4,5,80,0.83,0,0,10,58,58,351,0.26,3,5,9,35,38,0.921,1,1,1,13,161,37,0.81,3,1,1,5,1,4,3,0,13,0.571,13,1,0,0,1,19,0,4,10
12,6,1,6,16.66666667,3,5,60,0.36,0,0,13,168,148,594,0.74,15,37,16,10,1,0.935,5,6,0,9,64,5,0.93,5,1,1,3,0,13,0,3,4,1,10,0,0,0,0,41,1,6,13
6,4,2,4,50,2,3,66.66666667,0.57,0,0,18,117,110,342,0.49,6,33,7,78,84,0.929,1,1,1,15,113,27,0.81,5,0,1,6,1,7,2,0,9,0.778,6,0,0,0,1,30,0,5,10
4,4,3,4,75,2,3,66.66666667,0.71,0,1,20,165,123,478,0.51,10,27,18,80,83,0.964,2,3,0,14,124,33,0.79,6,1,0,5,0,9,0,2,7,1,10,1,0,0,0,32,1,7,6
10,6,6,6,100,1,1,100,1,0,0,20,138,120,559,0.49,17,13,16,75,80,0.938,9,10,0,15,159,15,0.91,8,0,2,3,0,19,0,3,10,1,9,1,0,0,1,45,1,8,13
5,1,0,1,0,1,1,100,0.5,0,0,11,161,141,463,0.51,6,15,20,91,94,0.968,4,5,0,19,129,13,0.91,3,2,0,8,0,10,3,0,19,0.769,13,1,0,0,0,8,0,5,9
13,4,3,4,75,1,2,50,0.67,0,0,24,186,163,485,0.67,14,21,6,11,1,0.921,5,10,0,17,81,9,0.9,9,0,1,6,0,12,1,1,7,0.923,9,0,0,0,1,29,1,9,6
1,1,1,1,100,4,4,100,1,0,1,22,104,87,307,0.33,5,9,6,53,58,0.914,3,4,0,21,185,21,0.9,6,1,0,9,0,7,1,1,12,0.875,6,1,0,0,0,19,0,7,9
11,4,2,4,50,3,4,75,0.62,0,1,31,101,95,433,0.49,14,15,8,59,63,0.937,11,1,0,14,92,6,0.94,7,0,1,6,0,14,2,3,12,0.875,14,1,0,0,1,33,1,7,14
0,0,0,0,0,0,0,0,0,0,0,24,102,82,207,0.51,1,6,4,61,68,0.897,4,4,1,18,84,15,0.85,6,1,0,7,1,12,3,2,14,0.8,14,1,0,0,0,0,0,7,14
3,4,3,4,75,6,8,75,0.75,0,1,34,70,65,352,0.38,7,12,3,43,44,0.977,6,6,1,8,116,11,0.91,7,1,1,3,1,9,2,4,10,0.818,10,0,0,0,1,44,1,8,13
8,3,1,3,33.33333333,2,2,100,0.6,0,0,20,148,113,355,0.62,4,11,7,80,84,0.952,1,1,1,12,53,12,0.82,3,1,1,7,1,10,4,2,9,0.714,13,2,0,0,0,23,0,4,10
4,3,3,3,100,3,3,100,1,0,0,40,162,128,678,0.43,15,24,13,59,64,0.922,4,4,1,17,141,10,0.93,8,1,2,6,1,14,2,4,16,0.875,7,0,0,0,1,30,1,9,20
13,1,1,1,100,0,0,0,1,0,0,39,150,123,375,0.57,4,10,3,97,10,0.942,3,3,1,14,89,24,0.79,6,2,1,8,1,16,4,2,14,0.8,20,1,0,0,0,7,0,8,7
9,5,5,5,100,1,1,100,1,0,0,34,111,121,416,0.54,6,20,8,80,84,0.952,9,10,0,16,141,30,0.82,8,1,2,4,0,13,1,4,6,0.929,9,0,0,0,1,38,1,9,8
6,4,4,4,100,1,1,100,1,0,0,24,183,131,701,0.46,12,30,22,76,82,0.927,1,1,1,16,129,20,0.87,4,2,1,8,1,6,4,1,13,0.6,8,0,0,0,0,31,0,6,9
5,2,2,2,100,1,2,50,0.75,0,0,11,147,133,441,0.43,6,17,17,85,90,0.944,0,1,0,20,158,20,0.89,8,0,0,7,0,5,1,2,7,0.833,12,0,0,0,1,17,0,8,9
12,3,3,3,100,4,4,100,1,0,0,11,180,148,530,0.57,9,20,8,11,1,0.974,3,3,1,16,125,17,0.88,7,0,0,8,1,7,2,1,5,0.778,9,0,0,0,0,33,1,7,12
7,5,3,5,60,2,3,66.66666667,0.62,0,0,21,113,95,484,0.49,12,15,5,63,69,0.913,2,2,1,12,117,11,0.91,8,1,0,7,1,8,1,3,8,0.889,9,0,0,0,1,37,1,9,8
10,4,2,4,50,0,1,0,0.4,0,0,19,176,133,572,0.51,11,11,10,79,84,0.94,3,4,0,13,100,15,0.87,7,0,1,8,0,8,3,1,8,0.727,8,1,0,0,0,24,0,7,9
8,6,2,6,33.33333333,1,1,100,0.43,0,0,22,112,119,415,0.6,7,17,6,86,91,0.945,4,4,1,11,91,14,0.87,12,2,0,5,1,10,0,4,12,1,10,1,0,0,1,37,1,14,8
14,1,1,1,100,1,1,100,1,0,0,15,104,87,330,0.4,3,14,9,61,63,0.968,2,2,1,21,122,17,0.88,5,0,2,12,1,12,4,0,10,0.75,8,0,0,0,0,10,0,5,10
1,2,2,2,100,4,4,100,1,2,2,23,121,99,588,0.51,10,27,8,73,74,0.986,4,5,0,16,112,15,0.88,4,1,2,5,0,10,8,2,9,0.556,7,0,0,0,1,32,1,5,12
3,2,1,2,50,3,4,75,0.67,0,0,24,125,100,442,0.49,6,15,9,62,65,0.954,4,5,0,15,110,27,0.8,5,2,1,4,0,9,2,8,10,0.818,12,0,0,0,0,21,0,7,7
2,1,1,1,100,4,6,66.66666667,0.71,0,1,33,109,96,191,0.59,2,19,13,70,71,0.986,4,5,0,11,79,17,0.82,7,1,1,4,0,15,5,4,6,0.75,11,1,0,0,1,19,0,8,10
11,0,0,0,0,6,6,100,1,1,0,35,89,79,465,0.41,9,17,7,50,50,1,3,3,1,14,104,19,0.85,4,1,1,7,1,6,4,5,15,0.6,10,1,0,0,0,21,1,5,11
6,2,2,2,100,5,5,100,1,0,1,20,82,58,389,0.38,12,15,6,36,41,0.878,3,3,1,17,127,21,0.86,9,1,3,4,1,8,5,1,9,0.615,8,0,0,0,1,29,1,10,12
5,3,2,3,66.66666667,2,2,100,0.8,0,0,15,127,123,404,0.62,3,21,16,74,85,0.871,3,4,0,20,54,15,0.78,4,3,1,9,0,9,1,5,8,0.9,12,0,0,0,0,25,0,7,8
14,3,1,3,33.33333333,1,1,100,0.5,0,0,11,145,114,470,0.49,8,21,10,75,79,0.949,1,3,0,21,89,18,0.83,5,0,2,10,0,11,3,0,21,0.786,13,1,0,0,1,20,0,5,10
9,6,3,6,50,0,1,0,0.43,0,0,19,126,101,343,0.51,8,18,13,49,56,0.875,10,1,0,15,121,21,0.85,10,2,0,5,0,21,0,3,11,1,10,1,0,0,0,36,1,12,13
10,2,0,2,0,2,3,66.66666667,0.4,0,0,30,135,115,464,0.47,6,29,8,76,82,0.927,2,2,1,14,152,12,0.93,5,3,1,6,1,7,4,0,11,0.636,13,0,0,0,1,16,1,8,8
4,0,0,0,0,3,3,100,1,0,1,26,175,125,310,0.53,1,12,13,91,97,0.938,4,5,0,26,120,29,0.81,6,1,3,5,0,11,0,4,7,1,8,1,0,0,0,9,0,7,13
12,5,4,5,80,2,4,50,0.67,0,0,21,175,146,538,0.66,10,30,19,91,97,0.938,5,5,1,9,81,13,0.86,9,3,2,1,1,11,2,5,7,0.846,7,0,0,0,1,39,1,12,13
8,1,0,1,0,1,2,50,0.33,0,0,22,62,71,231,0.34,0,13,0,53,54,0.981,2,2,1,13,144,30,0.83,1,2,3,9,1,7,5,2,11,0.583,13,1,0,0,0,8,0,3,7
13,2,2,2,100,0,0,0,1,0,0,18,117,125,317,0.59,4,24,6,91,10,0.91,5,8,0,23,95,28,0.77,7,0,3,5,0,14,3,0,13,0.824,8,0,0,0,1,14,0,7,14
7,6,5,6,83.33333333,0,1,0,0.71,0,0,32,133,95,479,0.41,13,28,15,57,59,0.966,4,4,1,10,151,24,0.86,5,3,0,7,1,13,0,3,14,1,14,1,0,0,0,40,1,8,8
5,2,1,2,50,4,6,66.66666667,0.62,0,0,28,139,142,522,0.55,10,27,18,75,80,0.938,8,8,1,18,114,14,0.89,8,0,0,6,1,15,0,1,9,1,10,0,0,0,1,24,1,8,9
10,1,1,1,100,3,5,60,0.67,0,0,27,142,101,312,0.45,4,14,9,67,73,0.918,1,1,1,15,121,27,0.82,6,0,0,8,1,9,1,0,15,0.9,9,0,0,0,0,16,0,6,10
1,3,2,3,66.66666667,5,6,83.33333333,0.78,0,0,24,145,106,579,0.49,9,17,15,62,68,0.912,6,6,1,18,119,19,0.86,7,1,0,8,1,13,1,2,11,0.929,5,0,0,0,1,34,1,8,13
14,2,2,2,100,1,2,50,0.75,0,0,20,171,114,536,0.51,5,19,15,71,79,0.899,5,8,0,20,102,17,0.86,8,0,1,7,0,11,2,1,13,0.846,13,1,0,0,0,17,0,8,5
4,2,1,2,50,3,5,60,0.57,0,0,23,156,97,471,0.43,7,21,9,65,66,0.985,4,5,0,14,135,12,0.92,6,1,2,7,0,15,1,1,15,0.938,9,0,0,0,1,21,1,7,11
7,1,1,1,100,2,2,100,1,0,0,21,144,117,470,0.57,3,12,7,84,88,0.955,3,4,0,15,88,21,0.81,7,2,1,6,0,15,1,1,15,0.938,11,0,0,0,0,13,0,9,9
13,3,3,3,100,3,5,60,0.75,0,0,25,138,135,431,0.67,8,23,16,10,1,0.946,1,2,0,14,65,15,0.81,8,1,1,7,0,10,3,2,10,0.769,10,1,0,0,1,30,1,9,6
9,2,2,2,100,2,2,100,1,0,0,20,109,77,317,0.33,8,15,13,42,45,0.933,8,8,1,23,144,23,0.86,7,1,1,8,1,10,2,3,10,0.833,6,0,0,0,0,20,0,8,10
11,1,1,1,100,3,4,75,0.8,0,0,30,150,131,409,0.58,4,18,12,98,10,0.925,3,3,1,15,94,18,0.84,8,2,0,5,1,10,7,1,14,0.588,12,0,0,0,1,16,1,10,17
3,0,0,0,0,0,0,0,0,0,0,24,95,91,251,0.42,3,18,10,57,66,0.864,7,8,0,25,163,18,0.9,5,0,2,8,0,14,1,7,10,0.933,17,0,0,0,0,0,0,5,12
0,3,3,3,100,2,2,100,1,0,0,27,83,67,296,0.43,5,12,5,40,44,0.909,3,4,0,14,113,29,0.8,4,1,0,7,0,16,3,3,13,0.842,18,1,0,0,1,27,1,5,9
2,2,2,2,100,2,3,66.66666667,0.8,0,1,26,137,119,542,0.57,4,29,17,69,75,0.92,5,6,0,13,68,12,0.85,7,0,1,4,0,13,3,3,16,0.812,9,0,0,0,0,20,0,7,18
12,6,4,6,66.66666667,2,2,100,0.75,0,0,9,171,133,659,0.6,15,25,25,68,74,0.919,2,3,0,17,76,15,0.84,9,0,2,7,0,9,1,2,8,0.9,10,0,0,0,1,44,1,9,8
6,1,1,1,100,3,4,75,0.8,0,0,17,81,73,282,0.4,4,15,11,49,51,0.961,4,5,0,14,108,25,0.81,7,2,0,9,0,8,2,1,9,0.8,8,1,0,0,0,16,0,9,10
7,1,0,1,0,1,2,50,0.33,0,0,16,127,128,310,0.67,2,24,7,94,10,0.94,1,1,1,19,72,10,0.88,15,0,1,11,1,9,0,0,3,1,7,1,0,0,1,8,0,15,16
5,1,0,1,0,2,5,40,0.33,0,0,23,47,65,259,0.33,4,10,4,44,47,0.936,1,2,0,11,156,24,0.87,11,1,0,15,0,3,0,0,9,1,16,1,0,0,0,11,1,12,7
8,7,3,7,42.85714286,2,3,66.66666667,0.5,0,0,23,106,106,565,0.47,15,21,6,70,74,0.946,2,2,1,9,127,18,0.88,5,2,0,5,1,10,1,1,6,0.909,11,1,0,0,1,47,1,7,10
13,3,2,3,66.66666667,2,3,66.66666667,0.67,0,0,22,114,126,482,0.53,8,18,5,95,97,0.979,3,3,1,11,97,21,0.82,5,0,2,5,1,6,1,1,10,0.857,10,0,0,0,0,25,0,5,11
3,4,4,4,100,4,4,100,1,0,0,17,113,108,462,0.51,9,22,5,73,79,0.924,10,1,0,13,132,25,0.84,7,0,2,4,0,19,1,2,7,0.95,8,1,0,0,1,40,1,7,16
14,1,1,1,100,0,3,0,0.25,0,0,15,171,129,443,0.49,6,25,10,90,91,0.989,2,2,1,13,116,22,0.84,4,2,0,7,1,7,2,1,19,0.778,16,1,0,0,0,7,0,6,8
4,4,1,4,25,4,5,80,0.56,0,0,27,165,129,489,0.48,10,22,25,69,76,0.908,5,5,1,14,135,19,0.88,5,1,1,4,1,13,3,5,10,0.812,11,0,0,0,1,34,1,6,14
6,1,0,1,0,1,1,100,0.5,0,0,22,152,121,340,0.52,3,19,9,86,92,0.935,2,3,0,20,91,22,0.81,4,1,1,5,0,10,5,3,13,0.667,14,0,0,0,0,8,0,5,11
9,0,0,0,0,1,1,100,1,0,0,14,111,77,269,0.43,6,15,11,55,58,0.948,3,4,0,20,94,24,0.8,7,0,0,15,0,15,3,6,8,0.833,11,1,0,0,1,3,0,7,12
12,4,4,4,100,2,4,50,0.75,0,0,16,157,107,447,0.57,13,24,18,69,72,0.958,2,3,0,10,70,15,0.82,15,0,0,7,0,8,6,3,15,0.571,12,1,0,0,0,34,1,15,11
1,8,7,8,87.5,2,3,66.66666667,0.82,0,0,14,132,101,696,0.49,21,30,15,58,60,0.967,9,10,0,16,114,13,0.9,5,1,1,6,0,15,2,2,9,0.882,11,1,0,0,1,60,1,6,12
0,3,2,3,66.66666667,2,2,100,0.8,0,0,12,154,106,423,0.51,6,13,9,76,78,0.974,1,3,0,17,75,30,0.71,6,1,1,5,0,9,2,2,15,0.818,12,3,0,0,0,25,0,7,11
11,1,1,1,100,1,2,50,0.67,0,0,24,139,117,362,0.65,2,17,5,80,86,0.93,6,7,0,12,52,8,0.87,7,0,0,6,0,18,2,3,15,0.9,12,0,0,0,1,10,0,7,14
2,3,2,3,66.66666667,5,6,83.33333333,0.78,0,0,31,50,57,248,0.35,5,8,6,35,39,0.897,2,3,0,10,116,17,0.87,6,0,0,7,0,15,3,2,18,0.833,14,1,0,0,0,34,1,6,12
8,4,3,4,75,2,4,50,0.62,0,0,20,181,144,473,0.53,9,35,14,10,1,0.965,6,6,1,11,115,19,0.86,0,0,0,7,1,14,0,1,12,1,9,1,0,0,1,32,1,0,9
5,4,2,4,50,2,2,100,0.67,0,0,16,100,118,377,0.47,6,19,7,77,83,0.928,6,6,1,10,144,35,0.8,7,0,0,0,1,12,1,0,14,0.923,9,1,0,0,0,30,0,7,9
2,3,2,3,66.66666667,4,5,80,0.75,0,1,29,103,121,423,0.68,5,26,13,80,83,0.964,5,8,0,14,49,17,0.74,8,0,3,3,0,12,0,2,9,1,6,0,0,0,1,31,1,8,13
6,3,3,3,100,2,2,100,1,0,0,25,117,81,575,0.32,12,17,14,29,34,0.853,5,6,0,12,131,26,0.83,3,3,0,8,0,9,2,0,12,0.818,13,0,0,0,0,27,0,6,6
4,5,2,5,40,3,4,75,0.56,0,0,35,196,140,567,0.59,14,29,18,72,79,0.911,3,4,0,13,80,21,0.79,7,0,1,7,0,11,2,3,10,0.846,13,0,0,0,1,38,1,7,7
2,0,0,0,0,2,4,50,0.5,0,0,26,83,85,288,0.41,5,21,11,41,49,0.837,4,6,0,25,104,29,0.78,7,1,0,7,0,10,3,2,11,0.769,7,0,0,0,0,6,0,8,13
12,3,1,3,33.33333333,3,3,100,0.67,0,0,15,124,103,432,0.49,9,15,13,67,70,0.957,1,2,0,9,107,8,0.93,6,0,2,4,0,9,3,1,14,0.75,16,1,0,0,1,26,1,6,10
8,1,0,1,0,1,2,50,0.33,0,0,15,102,106,343,0.51,7,8,7,70,73,0.959,3,4,0,10,105,15,0.88,4,2,0,6,0,14,1,3,9,0.933,10,0,0,0,0,8,0,6,16
12,2,1,2,50,7,8,87.5,0.8,0,0,21,200,157,555,0.67,7,21,14,11,1,0.974,3,3,1,10,64,22,0.74,0,2,1,3,1,9,3,0,13,0.75,13,0,0,0,1,33,1,2,10
4,2,2,2,100,6,6,100,1,0,0,21,101,77,375,0.33,6,22,20,42,44,0.955,3,5,0,17,176,21,0.89,3,1,2,0,0,13,0,3,9,1,10,0,0,0,0,32,0,4,13
Melbourne 14,3,3,3,100,3,3,100,1,0,0,20,101,94,396,0.5,6,13,11,62,63,0.984,0,0,0,16,131,18,0.88,2,1,0,8,0,9,2,4,13,0.818,11,1,0,0,1,30,1,3,11
13,3,1,3,33.33333333,2,3,66.66666667,0.5,0,0,20,128,116,338,0.5,9,18,16,76,81,0.938,0,0,0,14,87,13,0.87,8,0,1,2,0,13,4,2,9,0.765,11,2,0,0,0,23,0,8,11
8,2,1,2,50,4,8,50,0.5,0,0,23,136,105,302,1,3,7,9,82,85,0.965,0,0,0,13,108,19,0.85,7,0,1,3,0,12,0,1,15,1,8,0,0,0,1,24,1,7,13
9,0,0,0,0,2,5,40,0.4,0,0,16,112,99,361,0,3,19,12,71,80,0.888,0,0,0,13,124,7,0.95,3,1,0,7,0,15,1,0,12,0.938,13,0,0,0,0,6,0,4,8
6,3,3,3,100,2,3,66.66666667,0.83,0,0,9,169,127,562,0.43,15,21,21,78,80,0.975,0,0,0,13,111,24,0.82,8,1,0,5,0,6,3,0,5,0.667,10,0,0,0,1,27,0,9,10
5,4,3,4,75,5,5,100,0.89,0,0,15,141,117,559,0.57,16,24,19,68,69,0.986,0,0,0,16,125,21,0.86,5,0,1,8,0,5,0,3,6,1,10,0,0,0,0,41,1,5,10
Melbourne 14,1,1,1,100,2,4,50,0.6,0,0,24,92,92,406,0.2,5,14,10,47,53,0.887,0,0,0,17,150,26,0.85,4,0,0,7,0,14,3,1,10,0.824,11,1,0,0,1,13,0,4,13
8,4,2,4,50,2,2,100,0.67,0,0,28,163,146,537,0.8,7,28,12,10,1,0.962,0,0,0,18,71,14,0.84,7,0,0,4,0,10,1,3,14,0.909,13,0,0,0,0,30,1,7,11
3,1,1,1,100,6,6,100,1,0,3,30,103,75,290,0.33,0,11,3,58,60,0.967,0,0,0,8,126,18,0.88,11,1,0,5,0,7,3,6,8,0.7,10,0,0,0,1,25,1,12,6
11,2,2,2,100,1,5,20,0.43,0,0,19,190,107,418,0.67,2,18,6,77,79,0.975,0,0,0,18,87,11,0.89,5,0,1,11,0,8,6,3,7,0.571,6,0,0,0,0,17,0,5,10
10,2,2,2,100,2,2,100,1,0,0,19,172,93,499,0.33,3,13,7,59,64,0.922,0,0,0,21,134,26,0.84,6,0,0,9,0,16,0,0,10,1,9,0,0,0,1,20,0,6,5
7,4,1,4,25,4,5,80,0.56,0,1,18,146,119,653,0.67,14,26,12,87,90,0.967,0,0,0,19,107,13,0.89,9,0,0,6,0,10,0,0,16,1,5,1,0,0,0,34,1,9,9
9,3,2,3,66.66666667,2,3,66.66666667,0.67,0,0,21,152,137,640,0.6,11,31,18,91,92,0.989,0,0,0,19,128,19,0.87,7,1,0,7,0,11,3,2,10,0.786,10,0,0,0,1,25,1,8,7
12,2,2,2,100,1,3,33.33333333,0.6,0,0,20,195,133,412,0.4,8,19,15,91,92,0.989,0,0,0,22,131,31,0.81,7,0,1,7,0,10,2,3,11,0.833,7,0,0,0,0,17,0,7,10
0,3,2,3,66.66666667,1,3,33.33333333,0.5,0,1,24,129,101,540,0.6,9,13,15,47,53,0.887,0,0,0,18,109,13,0.89,8,1,0,8,0,9,5,1,11,0.643,7,0,0,0,1,22,0,9,7
2,2,2,2,100,5,5,100,1,0,0,28,112,114,439,0.4,8,14,12,57,62,0.919,0,0,0,18,89,13,0.87,8,0,1,8,0,11,1,5,9,0.917,7,0,0,0,0,29,1,8,7
16,2,0,2,0,4,5,80,0.57,0,0,25,104,88,359,0.5,1,19,9,57,59,0.966,0,0,0,17,165,10,0.94,10,0,2,4,0,9,1,7,10,0.9,11,0,0,0,1,22,1,10,10
13,2,0,2,0,0,1,0,0,0,0,19,159,141,527,0.5,2,10,6,10,1,0.955,0,0,0,21,83,19,0.81,4,2,0,10,0,10,7,1,9,0.588,10,1,0,0,0,10,0,6,11
7,5,3,5,60,1,3,33.33333333,0.5,0,0,26,132,143,548,1,11,17,14,88,95,0.926,0,0,0,9,144,17,0.89,8,1,0,5,0,7,5,0,10,0.583,7,0,0,0,1,34,1,9,11
4,0,0,0,0,5,5,100,1,0,0,18,215,127,421,0,2,17,7,87,98,0.888,0,0,0,15,158,17,0.9,5,0,1,8,0,10,0,5,7,1,11,0,0,0,0,15,0,5,7
9,2,1,2,50,2,2,100,0.75,0,0,15,89,100,301,1,1,9,7,72,75,0.96,0,0,0,20,100,15,0.87,7,1,1,8,0,12,2,3,11,0.857,11,0,0,0,1,18,1,8,14
10,0,0,0,0,4,7,57.14285714,0.57,0,1,24,108,92,260,0,5,15,8,64,67,0.955,0,0,0,16,122,8,0.94,8,1,1,7,0,11,3,2,12,0.786,14,0,0,0,0,12,0,9,11
5,6,6,6,100,1,1,100,1,0,0,20,132,95,361,1,2,13,12,62,63,0.984,0,0,0,15,118,7,0.94,6,0,0,8,0,12,3,0,14,0.8,11,0,0,0,1,45,1,6,9
0,0,0,0,0,1,4,25,0.25,0,0,12,161,95,293,0,1,7,5,66,75,0.88,0,0,0,21,104,12,0.9,8,0,0,6,0,14,0,3,12,1,9,0,0,0,0,3,0,8,11
12,3,2,3,66.66666667,4,5,80,0.75,0,0,17,143,110,446,0.6,9,20,23,69,72,0.958,0,0,0,16,141,21,0.87,4,1,0,7,0,8,4,4,9,0.667,11,1,0,0,1,31,1,5,15
Melbourne 14,2,2,2,100,4,5,80,0.86,0,0,15,156,125,442,0.4,2,22,16,88,99,0.889,0,0,0,9,103,21,0.83,7,0,1,4,0,9,4,4,8,0.692,15,1,0,0,0,26,0,7,11
3,4,2,4,50,4,4,100,0.75,0,0,26,124,119,505,0.67,7,25,7,82,88,0.932,0,0,0,17,93,17,0.85,4,0,1,6,0,16,1,2,13,0.941,6,0,0,0,1,36,1,4,11
13,2,2,2,100,2,2,100,1,2,1,30,99,86,310,0.33,6,17,5,66,67,0.985,0,0,0,11,115,25,0.82,6,1,0,4,0,13,2,1,16,0.867,11,0,0,0,0,26,0,7,6
2,0,0,0,0,4,6,66.66666667,0.67,0,0,37,93,79,258,0,2,15,3,62,68,0.912,0,0,0,14,142,13,0.92,7,1,1,6,0,12,3,2,14,0.8,10,0,0,0,1,12,1,8,13
11,0,0,0,0,2,2,100,1,0,1,30,113,103,434,0,2,13,3,91,96,0.948,0,0,0,19,100,15,0.87,6,1,1,7,0,14,2,3,12,0.875,13,0,0,0,0,6,0,7,10
10,2,2,2,100,5,5,100,1,0,0,18,185,119,495,0.33,7,15,12,83,86,0.965,0,0,0,17,112,18,0.86,8,0,0,5,0,11,1,2,7,0.917,3,0,0,0,1,29,1,8,11
4,4,4,4,100,0,0,0,1,0,1,21,178,114,448,0.67,10,20,12,73,74,0.986,0,0,0,16,133,15,0.9,5,0,0,8,0,7,2,1,11,0.778,11,0,0,0,0,28,0,5,3
Melbourne 14,1,1,1,100,2,5,40,0.5,0,0,21,147,94,196,0.33,3,14,7,70,75,0.933,0,0,0,21,149,18,0.89,6,0,0,8,0,15,0,1,8,1,7,0,0,0,1,13,0,6,9
9,2,2,2,100,3,4,75,0.83,0,0,24,134,128,402,0.67,4,18,15,91,99,0.919,0,0,0,17,106,14,0.88,8,0,0,6,0,8,1,0,15,0.889,9,0,0,0,0,23,1,8,7
6,3,2,3,66.66666667,0,1,0,0.5,0,0,13,219,162,571,0.5,5,25,15,11,1,0.942,0,0,0,23,54,8,0.87,9,0,1,9,0,14,1,0,7,0.933,10,0,0,0,1,19,0,9,13
0,3,3,3,100,5,5,100,1,0,0,22,83,55,303,0.5,6,8,3,37,40,0.925,0,0,0,13,195,25,0.89,9,1,0,9,0,7,0,1,14,1,13,0,0,0,0,36,1,10,10
8,4,3,4,75,3,3,100,0.86,0,0,23,132,102,381,1,9,21,9,74,76,0.974,0,0,0,9,103,16,0.87,7,0,2,4,0,11,2,3,20,0.846,15,2,0,0,1,35,1,7,10
12,0,0,0,0,2,2,100,1,0,0,14,122,89,247,0,4,16,6,66,69,0.957,0,0,0,9,107,21,0.84,4,2,0,7,0,20,3,2,11,0.87,10,1,0,0,0,6,0,6,15
11,3,3,3,100,5,5,100,1,0,0,21,142,130,406,0.43,5,26,5,93,97,0.959,0,0,0,16,126,26,0.83,5,0,0,3,0,14,1,4,9,0.933,7,0,0,0,1,36,1,5,12
5,4,4,4,100,2,3,66.66666667,0.86,0,0,21,153,125,372,0.57,7,26,14,83,86,0.965,0,0,0,14,151,26,0.85,3,0,0,5,0,9,4,1,14,0.692,12,2,0,0,0,34,0,3,7
16,0,0,0,0,4,4,100,1,0,0,21,67,61,156,0,2,6,3,43,47,0.915,0,0,0,13,137,8,0.94,9,1,0,5,0,13,2,1,8,0.867,12,0,0,0,1,12,0,10,13
2,0,0,0,0,6,6,100,1,1,0,25,164,122,366,0,0,8,13,87,90,0.967,0,0,0,13,65,6,0.92,5,0,1,9,0,8,1,2,13,0.889,13,0,0,0,0,21,1,5,12
7,2,1,2,50,3,4,75,0.67,0,0,18,123,96,410,0.4,5,25,8,60,63,0.952,0,0,0,20,84,10,0.89,6,1,1,5,0,10,1,1,15,0.909,8,0,0,0,1,21,0,7,7
3,3,2,3,66.66666667,3,4,75,0.71,0,1,24,97,85,322,0.6,8,10,6,62,67,0.925,0,0,0,17,102,25,0.8,5,1,1,6,0,15,1,1,10,0.938,7,0,0,0,0,28,1,6,8
6,1,1,1,100,4,5,80,0.83,0,0,21,147,122,568,0.25,14,33,13,84,87,0.966,0,0,0,12,152,30,0.84,14,0,0,4,0,10,3,3,8,0.769,6,0,0,0,1,19,0,14,10
10,3,1,3,33.33333333,2,2,100,0.6,0,0,21,171,120,452,0.75,8,30,6,86,88,0.977,0,0,0,18,126,32,0.8,4,0,0,14,0,8,3,3,10,0.727,10,0,0,0,0,23,1,4,6
12,2,2,2,100,4,6,66.66666667,0.75,0,0,10,170,131,431,0.4,10,23,9,95,99,0.96,0,0,0,14,92,13,0.88,8,1,2,8,0,9,0,0,4,1,5,0,0,0,1,26,0,9,11
0,3,3,3,100,2,3,66.66666667,0.83,0,0,21,113,99,290,0.6,7,13,14,64,68,0.941,0,0,0,13,175,23,0.88,8,2,1,8,0,4,0,0,9,1,11,0,0,0,0,27,1,10,5
16,2,1,2,50,4,4,100,0.83,0,0,24,118,99,342,0.33,5,15,3,78,84,0.929,0,0,0,16,116,22,0.84,8,1,1,6,0,12,2,1,9,0.857,7,0,0,0,1,24,0,9,11
5,4,3,4,75,3,4,75,0.75,0,0,17,174,140,755,0.67,16,22,13,71,71,1,0,0,0,20,121,14,0.9,6,1,1,8,0,9,1,2,12,0.9,11,1,0,0,0,35,1,7,7
4,6,4,6,66.66666667,1,1,100,0.71,0,0,18,263,149,671,0.86,6,24,11,10,1,0.99,0,0,0,19,86,4,0.96,5,0,2,4,0,10,2,3,17,0.833,8,0,0,0,1,41,1,5,8
3,1,1,1,100,4,4,100,1,0,0,22,81,66,153,0.14,0,4,1,50,55,0.909,0,0,0,12,170,24,0.88,4,2,0,5,0,17,3,2,10,0.85,8,0,0,0,0,19,0,6,8
9,0,0,0,0,4,5,80,0.8,0,0,22,118,82,327,0,4,14,5,59,62,0.952,0,0,0,18,106,11,0.91,7,1,2,8,0,8,1,4,11,0.889,9,1,0,0,1,12,0,8,8
13,1,1,1,100,4,5,80,0.83,0,0,21,88,85,314,1,7,11,4,70,73,0.959,0,0,0,15,98,14,0.88,8,2,1,7,0,11,4,1,8,0.733,8,0,0,0,0,19,1,10,9
2,1,1,1,100,1,1,100,1,0,0,17,135,126,354,0.2,5,24,18,87,91,0.956,0,0,0,15,143,28,0.84,9,2,2,5,0,11,2,3,8,0.846,8,0,0,0,1,10,0,11,10
8,4,3,4,75,1,1,100,0.8,0,1,18,179,132,474,0.8,8,28,23,83,83,1,0,0,0,15,127,24,0.84,5,2,2,9,0,8,3,2,11,0.727,10,0,0,0,0,29,1,7,8
5,1,1,1,100,4,7,57.14285714,0.62,0,0,24,137,115,463,0.5,10,24,19,61,64,0.953,0,0,0,17,184,35,0.84,10,1,0,7,0,8,1,3,9,0.889,10,0,0,0,1,19,1,11,8
6,1,1,1,100,0,3,0,0.25,0,0,14,182,163,647,0.5,13,35,16,10,1,0.937,0,0,0,25,113,24,0.82,7,0,1,10,0,9,3,1,8,0.75,8,1,0,0,0,7,0,7,10
4,7,7,7,100,2,2,100,1,0,0,15,286,145,664,0.78,7,18,10,10,1,0.991,0,0,0,18,67,12,0.85,7,0,1,6,0,12,0,2,9,1,7,0,0,0,1,55,1,7,8
16,2,2,2,100,2,3,66.66666667,0.8,0,0,15,74,71,324,0.22,9,12,4,46,48,0.958,0,0,0,14,165,18,0.9,6,1,0,7,0,9,2,0,12,0.818,8,0,0,0,0,20,0,7,7
9,2,2,2,100,3,5,60,0.71,0,0,21,125,118,547,1,9,34,9,81,86,0.942,0,0,0,25,70,11,0.86,6,0,3,5,0,7,2,2,12,0.778,11,1,0,0,1,23,1,6,12
3,0,0,0,0,6,7,85.71428571,0.86,0,0,25,88,68,251,0,2,11,6,50,51,0.98,0,0,0,17,145,34,0.81,5,3,0,6,0,12,2,2,7,0.857,12,1,0,0,0,18,0,8,11
13,1,1,1,100,1,4,25,0.4,0,1,24,155,132,477,0.5,4,19,10,91,95,0.958,0,0,0,18,100,16,0.86,9,1,1,5,0,10,2,2,9,0.833,11,0,0,0,1,10,0,10,10
0,1,1,1,100,4,4,100,1,0,0,24,130,96,328,0.5,4,16,4,70,76,0.921,0,0,0,15,136,19,0.88,5,1,1,9,0,9,2,2,10,0.818,10,0,0,0,0,19,1,6,11
2,10,7,10,70,0,2,0,0.58,0,0,17,90,85,505,0.91,11,19,6,51,53,0.962,0,0,0,12,90,11,0.89,7,0,1,11,0,11,1,3,6,0.917,8,1,0,0,1,64,1,7,12
Melbourne 14,1,1,1,100,0,0,0,1,0,0,12,129,95,220,0.09,1,11,11,55,61,0.902,0,0,0,15,75,19,0.8,11,1,0,7,0,6,3,1,11,0.667,12,1,0,0,0,7,0,12,8
11,4,3,4,75,3,4,75,0.75,0,0,34,87,102,504,0.8,8,25,4,68,76,0.895,0,0,0,14,117,29,0.8,3,1,1,3,0,9,2,4,11,0.818,10,0,0,0,1,35,1,4,9
8,1,1,1,100,5,5,100,1,0,0,27,140,115,434,0.2,4,27,10,76,79,0.962,0,0,0,16,95,26,0.79,3,1,1,3,0,11,4,2,9,0.733,9,0,0,0,0,22,0,4,10
12,3,3,3,100,3,3,100,1,0,1,6,174,123,560,0.5,10,15,2,92,96,0.958,0,0,0,17,103,20,0.84,9,1,1,9,0,6,3,1,5,0.667,8,0,0,0,1,30,1,10,12
7,3,3,3,100,2,3,66.66666667,0.83,0,0,9,119,91,406,0.5,9,21,7,65,66,0.985,0,0,0,15,140,16,0.9,9,1,1,9,0,5,1,3,6,0.833,12,0,0,0,0,27,0,10,8
6,3,3,3,100,4,5,80,0.88,0,0,20,151,115,371,0.43,8,22,7,88,89,0.989,0,0,0,9,131,12,0.92,6,0,2,6,0,12,3,1,5,0.8,7,1,0,0,1,33,0,6,11
9,4,4,4,100,2,4,50,0.75,0,0,22,119,120,416,0.57,7,12,13,81,84,0.964,0,0,0,9,137,22,0.86,6,2,0,6,0,5,1,3,12,0.833,11,0,0,0,0,34,1,8,7
10,6,5,6,83.33333333,2,3,66.66666667,0.78,0,1,22,166,102,463,0.67,4,18,8,73,75,0.973,0,0,0,21,113,11,0.91,8,1,2,7,0,7,2,3,10,0.778,11,0,0,0,1,46,1,9,8
16,3,3,3,100,3,4,75,0.86,0,0,20,112,96,247,0.33,3,11,3,76,83,0.916,0,0,0,15,126,18,0.88,7,2,1,8,0,10,3,2,7,0.769,8,0,0,0,0,30,0,9,11
5,2,2,2,100,3,4,75,0.83,0,1,17,96,91,389,0.67,9,21,7,62,66,0.939,0,0,0,16,150,15,0.91,11,0,1,7,0,8,3,2,8,0.727,11,1,0,0,1,23,1,11,8
7,1,1,1,100,3,4,75,0.8,0,0,15,151,138,481,0.33,5,15,14,10,1,0.962,0,0,0,19,96,21,0.82,7,1,0,11,0,8,2,3,8,0.8,8,0,0,0,0,16,0,8,11
8,1,0,1,0,6,8,75,0.67,0,0,25,128,92,242,0.33,2,9,3,71,75,0.947,0,0,0,14,71,12,0.86,6,0,3,4,0,10,2,3,14,0.833,11,0,0,0,1,23,1,6,14
3,2,2,2,100,2,3,66.66666667,0.8,0,0,25,86,76,271,0.67,3,12,4,49,56,0.875,0,0,0,8,116,9,0.93,4,3,0,6,0,14,3,2,10,0.824,14,1,0,0,0,20,0,7,11
0,5,3,5,60,1,2,50,0.57,0,0,33,156,118,410,0.83,18,15,9,77,78,0.987,0,0,0,16,104,12,0.9,10,0,0,7,0,12,2,2,8,0.857,7,0,0,0,1,34,1,10,6
Melbourne 14,1,1,1,100,3,3,100,1,0,0,23,87,89,303,0.17,3,12,7,58,61,0.951,0,0,0,22,130,15,0.9,7,0,0,10,0,8,2,2,12,0.8,6,1,0,0,0,16,0,7,7
11,1,0,1,0,3,3,100,0.75,0,0,26,105,96,347,0.5,3,15,0,83,88,0.943,0,0,0,12,153,18,0.89,4,2,0,5,0,11,7,3,11,0.611,10,1,0,0,1,14,0,6,8
4,1,1,1,100,4,5,80,0.83,0,0,25,190,138,316,0.5,5,18,7,10,1,0.991,0,0,0,15,117,15,0.89,5,0,2,4,0,11,3,7,11,0.786,8,0,0,0,0,19,1,5,10
12,1,0,1,0,6,7,85.71428571,0.75,0,0,20,131,84,426,0.5,8,25,7,50,60,0.833,0,0,0,15,135,16,0.89,5,1,0,7,0,9,1,2,15,0.9,11,0,0,0,1,23,1,6,12
13,1,1,1,100,4,5,80,0.83,0,0,17,144,116,366,0.5,2,16,10,88,97,0.907,0,0,0,16,80,25,0.76,7,0,1,5,0,15,2,1,9,0.882,12,1,0,0,0,19,0,7,11
7,4,3,4,75,1,3,33.33333333,0.57,0,0,20,153,137,602,0.67,14,28,19,87,90,0.967,0,0,0,16,147,17,0.9,5,2,0,8,0,12,4,0,8,0.75,9,1,0,0,1,29,1,7,9
6,2,1,2,50,2,3,66.66666667,0.6,0,0,16,170,146,548,0.33,7,17,17,85,93,0.914,0,0,0,23,145,28,0.84,8,0,2,5,0,8,0,4,12,1,9,1,0,0,0,18,0,8,9
8,2,0,2,0,6,8,75,0.6,0,0,19,146,114,337,0.33,5,12,5,92,96,0.958,0,0,0,10,63,13,0.83,4,1,0,6,0,15,3,3,13,0.833,10,0,0,0,1,28,3,5,15
16,4,4,4,100,0,1,0,0.8,0,0,21,59,66,230,0.67,6,13,4,42,47,0.894,0,0,0,9,157,12,0.93,6,0,1,4,0,13,3,3,15,0.812,15,1,0,0,0,28,3,6,10
2,0,0,0,0,7,7,100,1,0,0,24,129,109,325,0,3,15,7,76,79,0.962,0,0,0,10,121,20,0.86,5,0,1,6,0,14,3,0,7,0.824,9,0,0,0,1,21,1,5,12
4,1,0,1,0,4,7,57.14285714,0.5,0,0,26,179,112,403,1,7,20,13,74,75,0.987,0,0,0,8,124,15,0.89,6,1,0,5,0,7,0,3,14,1,12,0,0,0,0,17,0,7,9
10,4,3,4,75,5,6,83.33333333,0.8,0,0,27,115,95,573,0.57,11,25,10,62,64,0.969,0,0,0,11,155,36,0.81,5,0,0,7,0,9,1,0,12,0.9,8,0,0,0,1,41,1,5,8
12,3,1,3,33.33333333,4,4,100,0.71,0,0,15,228,149,710,0.43,14,36,13,98,10,0.925,0,0,0,22,85,25,0.77,7,0,0,5,0,12,0,1,9,1,8,0,0,0,0,29,0,7,8
13,3,1,3,33.33333333,2,4,50,0.43,0,0,18,155,123,346,0.43,4,17,10,94,96,0.979,0,0,0,19,93,11,0.89,5,0,2,8,0,10,2,1,9,0.833,4,0,0,0,1,23,0,5,12
Melbourne 14,4,2,4,50,2,3,66.66666667,0.57,0,0,24,107,85,322,0.57,6,11,6,62,65,0.954,0,0,0,9,148,17,0.9,8,2,0,5,0,9,1,2,10,0.9,12,0,0,0,0,30,1,10,4
0,2,2,2,100,3,4,75,0.83,1,1,32,164,114,435,0.5,7,24,3,82,85,0.965,0,0,0,8,126,16,0.89,9,0,1,4,0,9,5,0,10,0.643,10,0,0,0,1,26,1,9,7
11,2,1,2,50,4,4,100,0.83,0,0,32,143,107,407,0.5,2,16,6,76,78,0.974,0,0,0,20,121,24,0.83,4,1,0,9,0,10,0,5,9,1,7,0,0,0,0,24,0,5,10
6,1,1,1,100,4,4,100,1,0,0,22,168,166,479,0.25,5,38,15,12,1,0.953,0,0,0,22,102,19,0.84,3,1,1,6,0,8,2,1,9,0.8,7,0,0,0,1,19,0,4,13
8,3,3,3,100,3,5,60,0.75,0,0,31,121,98,413,0.75,5,20,6,66,69,0.957,0,0,0,13,187,38,0.83,6,1,1,3,0,9,1,2,8,0.9,13,0,0,0,0,30,1,7,7
5,2,2,2,100,3,4,75,0.83,0,0,20,155,132,662,0.33,15,22,16,94,10,0.913,0,0,0,22,80,11,0.88,5,0,2,8,0,11,3,1,8,0.786,9,0,0,0,1,23,0,5,8
9,4,4,4,100,1,3,33.33333333,0.71,0,0,26,95,82,469,0.67,11,11,6,55,58,0.948,0,0,0,16,139,22,0.86,8,2,0,5,0,8,1,3,11,0.889,8,1,0,0,0,31,1,10,9
7,4,4,4,100,0,2,0,0.67,0,0,26,153,131,577,1,12,25,15,81,82,0.988,0,0,0,23,154,26,0.86,7,1,2,6,0,11,1,3,12,0.917,12,0,0,0,1,28,1,8,8
10,0,0,0,0,1,2,50,0.5,1,0,25,178,153,531,0,4,26,12,95,10,0.95,0,0,0,19,118,25,0.83,6,2,1,7,0,12,3,1,11,0.8,8,0,0,0,0,6,0,8,12
Melbourne 14,3,3,3,100,2,3,66.66666667,0.83,0,0,16,162,118,431,0.5,6,14,9,78,80,0.975,0,0,0,17,71,18,0.8,6,0,0,10,0,10,1,1,12,0.909,8,1,0,0,1,27,0,6,8
16,3,3,3,100,2,3,66.66666667,0.83,1,0,25,75,68,261,0.5,5,18,2,53,55,0.964,0,0,0,8,129,14,0.9,10,0,0,6,0,12,1,1,10,0.923,8,0,0,0,0,30,1,10,8
13,1,1,1,100,3,4,75,0.8,0,0,31,106,98,298,0.5,2,15,7,79,81,0.975,0,0,0,7,144,24,0.86,4,2,0,7,0,13,5,1,8,0.722,7,0,0,0,1,16,1,6,10
4,1,0,1,0,3,3,100,0.75,0,0,18,296,156,740,0.5,13,24,22,10,1,0.972,0,0,0,12,108,14,0.89,7,0,2,4,0,8,1,5,13,0.889,10,0,0,0,0,14,0,7,7
11,1,1,1,100,5,5,100,1,0,1,33,115,98,331,1,5,15,10,67,72,0.931,0,0,0,13,97,34,0.74,7,0,3,5,0,12,1,2,11,0.923,11,0,0,0,1,22,1,7,9
2,0,0,0,0,5,6,83.33333333,0.83,0,0,29,129,110,456,0,7,34,11,69,75,0.92,0,0,0,19,103,15,0.87,5,3,0,7,0,11,2,1,12,0.846,9,0,0,0,0,15,0,8,11
3,2,2,2,100,4,4,100,1,0,1,32,125,107,413,0.67,7,20,7,77,81,0.951,0,0,0,16,105,13,0.89,4,0,1,4,0,12,0,0,18,1,12,0,0,0,1,26,1,4,5
0,1,0,1,0,5,6,83.33333333,0.71,0,1,28,169,106,433,0.33,6,13,8,70,72,0.972,0,0,0,14,114,20,0.85,4,1,0,4,0,18,0,0,12,1,5,0,0,0,0,20,0,5,12
10,3,2,3,66.66666667,1,3,33.33333333,0.5,0,0,25,135,91,380,0.75,4,16,4,64,69,0.928,0,0,0,12,159,21,0.88,7,0,1,5,0,14,3,0,15,0.824,13,1,0,0,1,22,1,7,7
13,1,1,1,100,3,4,75,0.8,0,0,21,168,141,394,0.25,6,21,13,10,1,0.955,0,0,0,17,101,16,0.86,5,1,0,7,0,15,0,3,14,1,7,0,0,0,0,16,0,6,13
12,3,2,3,66.66666667,2,4,50,0.57,0,0,12,170,109,399,0.6,12,23,12,79,81,0.975,0,0,0,14,129,24,0.84,8,0,1,8,0,10,2,1,6,0.833,10,1,0,0,1,25,1,8,8
5,2,2,2,100,2,5,40,0.57,0,0,11,137,125,503,0.4,10,24,18,84,88,0.955,0,0,0,13,119,23,0.84,8,1,0,8,0,6,1,2,10,0.857,8,0,0,0,0,20,0,9,10
4,2,1,2,50,4,5,80,0.71,0,0,22,140,122,382,0.67,6,16,8,91,93,0.978,0,0,0,9,81,21,0.79,14,0,0,3,0,7,3,5,9,0.7,8,1,0,0,1,24,1,14,12
6,1,0,1,0,1,2,50,0.33,0,0,17,75,67,262,0.33,3,21,3,46,49,0.939,0,0,0,12,145,16,0.9,3,0,0,14,0,9,5,3,7,0.643,12,0,0,0,0,8,0,3,8
9,3,2,3,66.66666667,0,0,0,0.67,0,0,20,110,115,469,0.75,11,24,10,69,70,0.986,0,0,0,20,86,23,0.79,5,0,2,5,0,14,3,2,13,0.824,6,0,0,0,1,19,3,5,17
8,1,1,1,100,4,6,66.66666667,0.71,0,0,25,102,85,326,0.25,8,23,12,61,63,0.968,0,0,0,9,115,24,0.83,5,2,0,5,0,13,2,3,14,0.867,17,2,0,0,0,19,3,7,6
2,0,0,0,0,2,2,100,1,0,0,33,118,113,570,0,10,21,11,61,70,0.871,0,0,0,28,67,12,0.85,13,1,0,12,0,7,1,0,15,0.875,5,0,0,0,1,6,0,14,5
0,2,1,2,50,0,1,0,0.33,0,1,46,101,70,292,1,4,12,4,48,54,0.889,0,0,0,22,127,21,0.86,12,0,1,13,0,15,0,1,7,1,5,0,0,0,0,12,1,12,5
16,0,0,0,0,0,0,0,0,0,0,32,90,82,339,0,2,10,3,47,55,0.855,0,0,0,15,157,16,0.91,5,1,0,6,0,16,2,1,15,0.889,9,0,0,0,1,0,0,6,7
3,4,4,4,100,1,2,50,0.83,1,1,34,163,137,572,1,14,15,12,94,97,0.969,0,0,0,14,89,10,0.9,6,0,1,5,0,15,1,2,16,0.938,7,0,0,0,0,34,1,6,9
10,2,0,2,0,2,4,50,0.33,0,0,14,210,140,442,0.5,9,22,13,11,1,0.965,0,0,0,17,99,11,0.9,9,1,0,11,0,10,3,2,8,0.769,9,1,0,0,1,16,0,10,5
11,2,1,2,50,2,3,66.66666667,0.6,0,0,26,55,81,194,0.5,1,11,3,64,66,0.97,0,0,0,16,177,22,0.89,11,0,1,9,0,8,2,3,10,0.8,5,0,0,0,0,18,1,11,9
9,0,0,0,0,4,5,80,0.8,0,0,16,129,116,437,0,5,11,12,72,82,0.878,0,0,0,16,201,31,0.87,9,1,2,5,0,8,2,2,9,0.8,5,0,0,0,1,12,1,10,9
7,1,0,1,0,2,3,66.66666667,0.5,0,0,17,229,173,478,1,8,31,18,13,1,0.985,0,0,0,14,125,11,0.92,5,2,1,9,0,9,2,2,8,0.818,9,0,0,0,0,11,0,7,5
5,4,4,4,100,3,3,100,1,0,0,19,91,90,401,0.5,8,15,8,68,69,0.986,0,0,0,8,107,25,0.81,9,1,2,6,0,10,3,1,9,0.769,8,0,0,0,1,37,1,10,7
2,4,3,4,75,1,2,50,0.67,0,0,21,154,107,448,0.5,10,25,15,72,73,0.986,0,0,0,11,91,15,0.86,6,2,1,9,0,9,1,3,10,0.9,7,0,0,0,0,29,0,8,8
8,6,4,6,66.66666667,1,1,100,0.71,0,0,20,143,112,425,0.86,9,18,11,79,84,0.94,0,0,0,10,128,13,0.91,8,0,0,10,0,10,1,6,11,0.909,16,1,0,0,1,41,1,8,7
13,1,1,1,100,0,0,0,1,0,0,12,145,108,194,0.14,0,13,4,90,95,0.947,0,0,0,12,118,18,0.87,10,0,0,8,0,11,6,1,10,0.647,7,0,0,0,0,7,0,10,16
3,2,1,2,50,6,7,85.71428571,0.78,0,0,23,121,115,397,0.4,8,22,8,87,91,0.956,0,0,0,13,91,14,0.87,4,2,0,5,0,12,1,6,12,0.923,9,0,0,0,1,30,1,6,10
12,3,2,3,66.66666667,0,2,0,0.4,0,0,18,142,99,503,0.6,10,14,7,67,70,0.957,0,0,0,14,127,22,0.85,5,0,2,4,0,12,6,1,12,0.667,10,0,0,0,0,19,0,5,9
0,3,1,3,33.33333333,3,3,100,0.67,0,0,21,140,84,511,1,7,12,7,53,56,0.946,0,0,0,11,110,9,0.92,6,0,2,5,0,12,1,2,14,0.923,13,0,0,0,1,26,1,6,12
16,0,0,0,0,4,5,80,0.8,0,0,21,125,101,289,0,3,9,3,78,81,0.963,0,0,0,13,82,12,0.87,5,2,0,6,0,14,2,1,12,0.875,12,0,0,0,0,12,0,7,13
4,2,1,2,50,6,6,100,0.88,0,0,24,138,110,361,0.4,5,12,6,77,83,0.928,0,0,0,10,121,27,0.82,8,0,2,1,0,12,1,2,10,0.923,7,0,0,0,1,30,1,8,12
Melbourne 14,3,1,3,33.33333333,3,4,75,0.57,0,0,13,140,126,644,0.6,13,27,18,71,75,0.947,0,0,0,17,122,12,0.91,1,2,0,8,0,10,2,1,12,0.833,12,0,0,0,0,26,0,3,7
7,0,0,0,0,6,7,85.71428571,0.86,0,0,26,162,115,303,0,3,14,12,88,91,0.967,0,0,0,12,135,25,0.84,8,0,1,7,0,8,1,1,12,0.889,10,0,0,0,1,18,1,8,10
11,2,2,2,100,1,2,50,0.75,0,1,20,124,106,303,1,4,25,7,84,89,0.944,0,0,0,15,138,14,0.91,7,1,0,8,0,12,1,1,8,0.923,10,0,0,0,0,17,0,8,10
Melbourne 14,5,4,5,80,0,0,0,0.8,0,0,12,166,127,482,0.45,13,23,15,83,91,0.912,0,0,0,19,92,16,0.85,5,0,0,10,0,9,0,2,7,1,7,0,0,0,1,33,0,5,6
5,6,3,6,50,1,1,100,0.57,0,0,18,108,89,333,0.55,8,16,9,64,67,0.955,0,0,0,13,142,23,0.86,10,0,0,5,0,7,2,0,9,0.778,6,0,0,0,0,39,1,10,7
6,3,2,3,66.66666667,2,5,40,0.5,0,0,22,163,127,459,0.5,5,21,16,87,91,0.956,0,0,0,14,169,21,0.89,11,0,0,4,0,4,1,2,15,0.8,11,1,0,0,1,25,1,11,11
2,3,2,3,66.66666667,1,1,100,0.75,0,0,18,157,152,492,0.5,5,21,13,10,1,0.947,0,0,0,20,137,21,0.87,4,0,0,11,0,15,2,1,4,0.882,11,1,0,0,0,22,0,4,11
13,1,0,1,0,2,3,66.66666667,0.5,0,0,24,98,80,315,0.5,3,17,6,60,67,0.896,0,0,0,15,167,24,0.87,5,0,0,8,0,14,4,1,14,0.778,9,0,0,0,1,11,3,5,9
9,1,0,1,0,2,3,66.66666667,0.5,0,0,20,178,160,559,0.5,8,24,9,11,1,0.926,0,0,0,16,92,17,0.84,8,0,0,5,0,14,1,4,14,0.933,9,0,0,0,0,11,3,8,9
16,1,1,1,100,1,1,100,1,0,0,14,130,106,465,0.08,7,21,9,71,74,0.959,0,0,0,13,142,27,0.84,3,3,0,8,0,9,2,2,2,0.818,7,0,0,0,1,10,0,6,8
12,11,7,11,63.63636364,1,1,100,0.67,0,0,19,221,141,908,0.92,18,27,20,84,85,0.988,0,0,0,10,111,21,0.84,8,0,3,3,0,2,2,2,9,0.5,8,0,0,0,0,72,1,8,7
3,6,6,6,100,2,3,66.66666667,0.89,0,1,17,120,91,390,0.75,7,16,7,58,61,0.951,0,0,0,17,122,22,0.85,6,0,1,10,0,13,1,2,11,0.929,7,0,0,0,1,48,1,6,13
10,2,2,2,100,0,0,0,1,0,0,14,190,115,545,0.25,9,22,10,76,78,0.974,0,0,0,19,90,16,0.85,10,1,0,6,0,11,2,1,13,0.846,13,1,0,0,0,14,0,11,7
8,2,2,2,100,3,4,75,0.83,0,0,22,149,118,457,0.4,5,12,9,78,81,0.963,0,0,0,13,125,10,0.93,4,0,0,9,0,11,3,4,7,0.786,8,0,0,0,1,23,0,4,8
4,3,3,3,100,3,3,100,1,0,0,26,121,126,458,0.6,13,10,13,77,81,0.951,0,0,0,12,125,12,0.91,9,0,0,4,0,7,4,3,11,0.636,8,0,0,0,0,30,1,9,8
5,1,1,1,100,5,5,100,1,0,0,25,120,108,468,0.33,8,25,15,72,74,0.973,0,0,0,16,86,12,0.88,9,1,2,7,0,9,1,2,10,0.9,8,0,0,0,1,22,1,10,13
13,2,1,2,50,3,4,75,0.67,0,0,28,71,75,255,0.67,3,12,2,51,56,0.911,0,0,0,10,104,25,0.81,7,2,1,9,0,10,2,1,9,0.833,13,1,0,0,0,21,0,9,8
9,4,3,4,75,2,2,100,0.83,0,0,28,117,80,259,0.67,9,15,6,58,60,0.967,0,0,0,14,100,16,0.86,13,0,0,6,0,11,1,2,15,0.917,11,0,0,0,1,32,1,13,3
2,2,2,2,100,1,1,100,1,0,0,14,129,97,430,0.33,4,16,17,61,65,0.938,0,0,0,23,89,15,0.86,6,0,0,13,0,15,2,1,11,0.882,3,0,0,0,0,17,0,6,11
0,3,2,3,66.66666667,5,6,83.33333333,0.78,0,0,24,205,140,597,0.43,7,20,19,90,91,0.989,0,0,0,9,88,19,0.82,5,0,1,6,0,11,1,0,8,0.917,6,1,0,0,1,34,0,5,13
10,4,2,4,50,5,5,100,0.78,0,0,23,116,98,532,0.57,9,19,12,55,57,0.965,0,0,0,8,123,20,0.86,6,1,0,5,0,8,0,1,11,1,13,0,0,0,0,39,1,7,6
7,6,3,6,50,0,1,0,0.43,0,1,17,148,103,543,0.55,19,25,14,65,69,0.942,0,0,0,16,108,11,0.91,5,1,0,6,0,6,2,1,15,0.75,12,0,0,0,1,36,1,6,4
Melbourne 14,5,2,5,40,1,3,33.33333333,0.38,0,0,20,98,96,279,0.45,5,11,4,71,74,0.959,0,0,0,13,95,25,0.79,6,0,1,5,0,15,1,2,6,0.938,4,0,0,0,0,32,0,6,12
12,2,1,2,50,3,3,100,0.8,0,1,18,180,123,242,1,2,20,7,99,10,0.98,0,0,0,15,77,16,0.83,9,2,1,7,0,10,3,1,11,0.769,6,0,0,0,1,21,1,11,9
11,0,0,0,0,5,5,100,1,0,0,24,85,58,85,0,0,16,0,50,51,0.98,0,0,0,7,155,20,0.89,7,1,2,9,0,11,1,3,10,0.917,9,0,0,0,0,15,0,8,6
16,4,4,4,100,2,3,66.66666667,0.86,0,1,18,121,122,347,0.5,6,30,7,92,97,0.948,0,0,0,12,143,17,0.89,4,1,1,4,0,15,1,1,7,0.938,7,0,0,0,1,34,1,5,11
6,4,2,4,50,1,2,50,0.5,0,0,21,171,127,451,0.5,3,18,11,93,96,0.969,0,0,0,10,140,30,0.82,4,1,1,4,0,7,1,1,15,0.875,11,1,0,0,0,27,0,5,7
10,0,0,0,0,4,4,100,1,0,0,39,136,121,322,0,4,12,7,95,98,0.969,0,0,0,19,71,11,0.87,8,0,1,7,0,19,2,3,8,0.905,10,0,0,0,1,12,0,8,10
5,1,0,1,0,4,6,66.66666667,0.57,0,0,39,78,77,345,1,6,11,4,46,48,0.958,0,0,0,12,156,12,0.93,7,1,0,8,0,8,3,2,19,0.727,10,1,0,0,0,17,1,8,10
Melbourne 14,3,3,3,100,3,4,75,0.86,0,0,23,115,104,249,0.5,1,21,7,84,86,0.977,0,0,0,12,135,20,0.87,6,1,1,6,0,8,2,3,10,0.8,6,0,0,0,1,30,1,7,9
11,3,3,3,100,0,0,0,1,0,0,13,153,106,370,0.5,7,20,6,82,89,0.921,0,0,0,17,118,21,0.85,6,1,1,6,0,10,3,2,8,0.769,9,1,0,0,0,21,0,7,6
13,1,1,1,100,2,3,66.66666667,0.75,0,1,31,163,138,428,0.33,8,23,11,10,1,0.982,0,0,0,10,72,19,0.79,3,1,1,6,0,15,2,1,11,0.882,10,0,0,0,1,13,0,4,9
2,2,2,2,100,3,5,60,0.71,0,0,36,82,68,305,0.67,3,19,5,50,51,0.98,0,0,0,7,150,23,0.87,6,1,1,3,0,11,1,2,15,0.917,9,0,0,0,0,23,1,7,10
4,2,2,2,100,3,4,75,0.83,0,0,29,105,97,296,1,2,11,0,77,85,0.906,0,0,0,19,148,21,0.88,5,1,1,10,0,13,4,4,11,0.765,7,0,0,0,1,23,1,6,11
7,0,0,0,0,1,1,100,1,0,0,30,172,115,369,0,7,21,7,86,90,0.956,0,0,0,17,108,11,0.91,10,1,1,5,0,11,4,4,13,0.733,11,1,0,0,0,3,0,11,7
12,3,2,3,66.66666667,3,4,75,0.71,0,0,18,187,143,484,0.6,11,15,23,92,98,0.939,0,0,0,13,111,16,0.87,3,0,1,8,0,12,2,0,12,0.857,7,0,0,0,1,28,1,3,11
8,2,0,2,0,4,4,100,0.67,0,0,24,101,88,305,0.4,3,16,5,70,72,0.972,0,0,0,9,147,15,0.91,8,1,0,3,0,12,0,2,12,1,11,1,0,0,0,22,0,9,7
3,4,3,4,75,3,4,75,0.75,0,0,17,107,99,480,0.67,5,13,9,64,71,0.901,0,0,0,12,159,46,0.78,6,1,0,7,0,17,1,2,10,0.944,11,0,0,0,1,35,1,7,14
6,2,1,2,50,2,2,100,0.75,0,0,14,227,151,701,0.33,9,46,18,98,10,0.951,0,0,0,17,101,12,0.89,7,0,1,6,0,10,2,1,17,0.833,14,2,0,0,0,18,0,7,11
0,2,1,2,50,5,5,100,0.86,0,0,27,96,74,443,0.67,10,10,12,46,49,0.939,0,0,0,10,162,21,0.89,8,0,2,7,0,10,2,0,19,0.833,12,0,0,0,1,27,1,8,9
9,1,1,1,100,2,2,100,1,0,0,19,200,143,588,0.33,10,21,13,96,99,0.97,0,0,0,18,62,10,0.86,7,2,0,8,0,19,0,2,10,1,9,0,0,0,0,13,0,9,12
5,3,2,3,66.66666667,3,4,75,0.71,0,0,25,115,115,348,0.75,7,15,14,73,76,0.961,0,0,0,16,141,15,0.9,8,1,4,5,0,5,2,1,15,0.714,8,0,0,0,1,28,1,9,9
4,1,1,1,100,4,4,100,1,0,0,26,144,116,301,0.25,5,15,7,82,86,0.953,0,0,0,15,123,15,0.89,5,4,1,8,0,15,1,2,5,0.938,9,0,0,0,0,19,0,9,8
Melbourne 14,2,1,2,50,4,4,100,0.83,0,1,25,95,76,283,0.67,3,12,9,55,56,0.982,0,0,0,16,157,14,0.92,8,3,0,4,0,4,2,3,10,0.667,9,0,0,0,1,24,1,11,8
12,1,1,1,100,5,6,83.33333333,0.86,0,0,16,241,160,587,0.33,8,14,25,11,1,0.95,0,0,0,21,74,13,0.85,4,0,3,8,0,10,3,2,4,0.769,8,0,0,0,0,22,0,4,9
7,1,1,1,100,2,2,100,1,0,0,29,72,86,284,0.5,7,17,12,61,63,0.968,0,0,0,15,110,6,0.95,7,2,1,8,0,11,3,0,9,0.786,9,0,0,0,1,13,0,9,7
8,1,0,1,0,5,8,62.5,0.56,0,0,36,63,89,220,0.5,0,6,3,73,76,0.961,0,0,0,14,84,17,0.83,8,1,2,7,0,9,0,3,11,1,7,0,0,0,0,20,1,9,9
13,1,1,1,100,4,6,66.66666667,0.71,0,0,34,138,101,372,1,4,13,8,72,76,0.947,0,0,0,8,95,17,0.85,6,1,0,6,0,13,3,1,8,0.812,10,1,0,0,1,19,1,7,9
6,0,0,0,0,6,7,85.71428571,0.86,0,0,27,143,103,495,0,4,16,8,73,78,0.936,0,0,0,12,103,13,0.89,6,0,1,6,0,8,1,3,13,0.889,9,0,0,0,0,18,0,6,10
16,1,1,1,100,5,6,83.33333333,0.86,0,0,16,128,106,285,0.2,6,15,9,72,78,0.923,0,0,0,11,126,20,0.86,5,2,1,3,0,12,0,1,14,1,9,0,0,0,1,22,0,7,11
0,4,4,4,100,2,2,100,1,0,0,21,175,136,517,0.8,9,20,8,84,85,0.988,0,0,0,10,128,15,0.9,3,1,2,5,0,14,1,0,12,0.933,11,0,0,0,0,34,1,4,9
11,1,0,1,0,5,6,83.33333333,0.71,0,0,24,113,65,265,1,3,15,4,52,54,0.963,0,0,0,10,205,19,0.92,6,2,0,5,0,8,0,3,13,1,10,0,0,0,1,20,1,8,10
9,0,0,0,0,5,7,71.42857143,0.71,0,0,16,192,173,424,0,3,19,10,13,1,0.952,0,0,0,15,77,15,0.84,5,0,2,6,0,13,3,0,8,0.812,10,0,0,0,0,15,0,5,10
2,1,1,1,100,3,5,60,0.67,0,0,27,95,90,344,1,4,9,10,63,66,0.955,0,0,0,19,42,3,0.93,10,1,3,9,0,6,3,1,12,0.667,9,1,0,0,1,16,0,11,9
3,0,0,0,0,6,7,85.71428571,0.86,0,0,32,46,39,97,0,1,3,0,32,35,0.914,0,0,0,15,99,9,0.92,9,3,1,10,0,12,1,3,6,0.923,9,1,0,0,0,18,1,12,9
4,2,2,2,100,3,4,75,0.83,0,0,15,104,86,246,0.4,2,17,5,60,60,1,0,0,0,9,122,26,0.82,5,1,1,11,0,9,5,1,7,0.643,8,0,0,0,1,23,1,6,11
12,3,2,3,66.66666667,1,2,50,0.6,0,0,13,176,120,383,0.6,8,26,13,89,94,0.947,0,0,0,12,89,17,0.84,11,1,1,5,0,7,1,5,9,0.875,11,0,0,0,0,22,0,12,8
8,2,1,2,50,6,6,100,0.88,0,0,20,104,92,303,0.5,3,9,8,65,69,0.942,6,6,1,14,92,14,0.87,6,0,1,6,1,12,2,1,12,0.857,12,0,0,0,1,30,1,6,13
10,2,2,2,100,3,4,75,0.83,0,0,18,131,98,309,0.5,6,14,15,66,70,0.943,3,3,1,9,104,9,0.92,6,1,0,6,1,12,1,2,12,0.923,13,0,0,0,0,23,0,7,12
6,4,3,4,75,4,5,80,0.78,0,0,21,209,161,526,0.5,5,28,13,11,1,0.941,0,0,0,12,91,17,0.84,10,1,0,3,0,5,1,3,14,0.833,10,1,0,0,1,38,1,11,10
7,4,4,4,100,0,0,0,1,0,0,17,109,85,357,0.5,7,17,6,56,60,0.933,0,0,0,19,172,28,0.86,3,0,1,10,0,14,3,1,5,0.824,10,0,0,0,0,28,0,3,10
9,4,2,4,50,2,3,66.66666667,0.57,1,0,31,142,121,421,0.67,6,7,11,84,85,0.988,0,0,0,11,89,18,0.83,6,0,2,7,0,10,0,2,13,1,11,1,0,0,1,33,1,6,6
Melbourne 14,2,2,2,100,2,3,66.66666667,0.8,0,0,20,90,84,321,0.33,3,18,10,49,53,0.925,0,0,0,19,138,7,0.95,7,2,0,6,0,13,2,0,10,0.867,6,0,0,0,0,20,0,9,11
11,1,1,1,100,4,5,80,0.83,0,0,37,116,87,313,0.5,3,14,2,64,67,0.955,0,0,0,21,80,8,0.91,2,0,2,9,0,16,1,5,12,0.941,9,0,0,0,1,19,1,2,8
16,1,0,1,0,2,2,100,0.67,0,1,36,58,79,271,0.5,1,8,4,57,62,0.919,0,0,0,16,108,14,0.89,9,2,0,2,0,12,5,1,16,0.706,8,0,0,0,0,11,0,11,9
0,3,2,3,66.66666667,2,2,100,0.8,0,0,26,102,93,322,0.5,4,13,6,59,63,0.937,0,0,0,15,119,20,0.86,8,0,0,6,0,3,4,0,16,0.429,6,0,0,0,1,25,0,8,11
3,3,3,3,100,3,4,75,0.86,0,2,29,135,111,387,0.5,9,20,14,68,74,0.919,0,0,0,15,98,13,0.88,6,0,0,8,0,16,0,4,3,1,11,0,0,0,0,30,1,6,6
8,6,3,6,50,1,1,100,0.57,0,0,39,165,151,679,0.75,13,34,14,11,1,0.973,0,0,0,15,112,6,0.95,6,0,1,5,0,12,2,1,16,0.857,7,0,0,0,1,39,1,6,2
Melbourne 14,2,2,2,100,1,1,100,1,0,0,41,93,104,332,0.25,2,6,6,69,71,0.972,0,0,0,14,168,34,0.83,5,1,0,6,0,16,1,2,12,0.941,2,0,0,0,0,17,0,6,7
13,2,0,2,0,1,2,50,0.25,0,0,23,108,105,503,0.4,4,9,5,73,79,0.924,0,0,0,19,121,14,0.9,8,0,1,9,0,13,4,4,7,0.765,7,0,0,0,1,13,0,8,10
12,3,2,3,66.66666667,3,3,100,0.83,0,0,24,159,114,510,0.6,6,14,4,86,90,0.956,0,0,0,14,103,9,0.92,9,1,0,8,0,7,4,4,13,0.636,10,1,0,0,0,28,1,10,7
5,4,4,4,100,2,3,66.66666667,0.86,0,0,26,86,88,415,0.57,7,14,5,58,62,0.935,0,0,0,18,183,20,0.9,6,1,2,6,0,5,3,2,11,0.625,6,0,0,0,1,34,1,7,8
10,3,2,3,66.66666667,1,2,50,0.6,0,0,25,197,139,385,0.43,6,20,6,10,1,0.946,0,0,0,19,102,14,0.88,6,2,1,6,0,11,2,3,5,0.846,8,0,0,0,0,22,0,8,6
6,2,1,2,50,0,2,0,0.25,0,1,14,154,126,608,0.33,7,25,13,82,87,0.943,0,0,0,17,76,20,0.79,4,2,2,8,0,8,3,2,10,0.727,10,1,1,0,1,12,0,6,10
4,4,4,4,100,4,4,100,1,0,0,20,137,78,557,0.67,11,20,12,48,51,0.941,0,0,0,9,125,25,0.83,8,2,2,4,0,10,2,3,8,0.833,10,1,0,0,0,40,1,10,10
2,3,2,3,66.66666667,1,5,20,0.38,0,0,22,151,122,364,0.5,2,18,9,90,95,0.947,0,0,0,15,90,15,0.86,7,1,2,5,0,17,0,1,7,1,5,0,0,0,1,22,1,8,12
7,3,1,3,33.33333333,1,1,100,0.5,0,0,23,110,91,366,0.5,7,15,9,65,65,1,0,0,0,8,134,18,0.88,5,2,1,7,0,7,1,0,17,0.875,12,0,0,0,0,20,0,7,5
3,6,6,6,100,2,3,66.66666667,0.89,0,0,23,130,104,509,0.75,17,21,9,67,69,0.971,0,0,0,16,69,16,0.81,6,0,2,10,0,13,0,4,11,1,9,0,0,0,1,48,1,6,10
16,2,1,2,50,2,2,100,0.75,0,0,14,77,75,306,0.25,5,16,9,42,47,0.894,0,0,0,17,113,21,0.84,10,2,0,6,0,11,4,0,13,0.733,10,0,0,0,0,18,0,12,9
11,3,2,3,66.66666667,3,3,100,0.83,0,0,35,131,104,350,1,5,19,7,75,81,0.926,0,0,0,18,75,7,0.91,7,1,4,5,0,15,1,3,13,0.938,5,0,0,0,1,28,1,8,12
0,0,0,0,0,1,2,50,0.5,0,0,29,109,83,280,0,0,7,8,50,53,0.943,0,0,0,18,109,19,0.85,5,4,1,7,0,13,3,1,15,0.812,12,0,0,0,0,3,0,9,5
4,5,3,5,60,4,4,100,0.78,0,0,21,167,103,457,0.71,9,18,15,60,64,0.938,0,0,0,12,125,13,0.91,8,1,0,4,0,7,1,4,15,0.875,10,0,0,0,1,43,1,9,9
5,2,1,2,50,1,1,100,0.67,0,0,14,124,126,403,0.29,7,13,17,66,73,0.904,0,0,0,20,98,18,0.84,4,0,1,8,0,15,4,1,7,0.789,9,0,0,0,0,15,0,4,10
10,5,5,5,100,3,3,100,1,0,0,15,243,168,832,0.45,21,37,19,11,1,0.966,0,0,0,12,54,16,0.77,4,0,1,6,0,9,1,1,7,0.9,10,0,0,0,1,44,0,4,13
6,6,5,6,83.33333333,3,3,100,0.89,0,0,22,68,60,390,0.55,11,16,7,39,39,1,0,0,0,3,171,37,0.82,6,1,0,4,0,7,1,1,9,0.875,13,2,0,0,0,49,1,7,10
0,3,2,3,66.66666667,5,5,100,0.88,0,0,20,120,101,407,0.75,9,13,15,52,57,0.912,0,0,0,21,71,13,0.85,10,1,2,13,0,8,0,2,5,1,5,0,0,0,1,34,1,11,12
7,1,1,1,100,2,3,66.66666667,0.75,0,0,14,75,65,339,0.25,8,13,8,33,40,0.825,0,0,0,17,84,13,0.87,13,2,1,10,0,5,2,0,8,0.714,12,0,0,0,0,13,0,15,5
16,0,0,0,0,4,5,80,0.8,0,1,26,81,63,272,0,5,5,5,33,37,0.892,0,0,0,17,170,16,0.91,3,1,0,4,0,12,2,3,18,0.857,19,1,0,0,1,12,0,4,9
11,2,1,2,50,4,4,100,0.83,0,0,31,204,143,450,1,3,16,6,11,1,0.951,0,0,0,17,61,5,0.92,4,0,1,3,0,18,3,2,12,0.857,9,0,0,0,0,24,1,4,19
3,2,2,2,100,2,2,100,1,0,1,29,120,92,434,0.5,12,17,7,59,64,0.922,0,0,0,15,126,25,0.83,6,0,1,9,0,10,5,2,6,0.667,13,0,0,0,1,20,1,6,6
2,2,0,2,0,3,7,42.85714286,0.33,0,0,27,152,127,756,0.5,8,25,9,81,84,0.964,0,0,0,15,96,17,0.85,9,1,0,6,0,6,2,5,10,0.75,6,2,0,0,0,19,0,10,13
4,3,2,3,66.66666667,2,2,100,0.8,0,0,35,147,94,410,0.5,4,12,6,55,59,0.932,0,0,0,17,219,28,0.89,5,0,1,5,0,8,3,0,17,0.727,7,0,0,0,1,25,1,5,9
10,3,1,3,33.33333333,0,0,0,0.33,0,0,28,249,194,663,0.5,20,28,13,13,1,0.964,0,0,0,19,85,12,0.88,5,1,0,5,0,17,0,3,8,1,9,0,0,0,0,17,0,6,7
Melbourne 14,6,4,6,66.66666667,0,1,0,0.57,0,0,16,195,144,565,0.6,18,25,16,99,10,0.943,0,0,0,13,120,18,0.87,6,1,0,9,0,7,1,2,7,0.875,6,0,0,0,1,38,1,7,7
6,4,4,4,100,3,3,100,1,0,0,17,125,102,318,0.4,5,18,12,70,73,0.959,0,0,0,10,154,25,0.86,9,0,1,6,0,7,2,1,7,0.778,7,0,0,0,0,37,0,9,6
7,1,1,1,100,3,3,100,1,0,0,22,129,120,355,0.2,3,15,10,90,92,0.978,0,0,0,15,88,23,0.79,7,0,2,4,0,13,4,2,10,0.765,8,1,1,0,1,16,0,7,12
5,4,0,4,0,2,2,100,0.33,0,0,21,98,88,486,0.8,12,23,13,45,50,0.9,0,0,0,13,142,15,0.9,4,2,0,7,0,10,2,4,13,0.833,12,0,0,0,0,26,1,6,8
12,2,1,2,50,0,3,0,0.2,0,1,19,256,168,652,0.67,9,26,23,10,1,0.938,0,0,0,25,157,18,0.9,8,1,0,11,0,6,1,0,13,0.857,11,1,0,0,1,12,0,9,6
9,1,0,1,0,3,4,75,0.6,0,0,28,162,142,406,0.33,3,18,11,10,1,0.963,0,0,0,18,182,26,0.88,11,0,1,8,0,13,0,1,6,1,6,0,0,0,0,14,1,11,11
13,3,3,3,100,0,3,0,0.5,0,0,33,87,105,344,0.6,10,17,10,59,62,0.952,0,0,0,10,89,15,0.86,15,2,0,6,0,9,1,0,18,0.9,9,0,0,0,1,21,1,17,6
8,2,1,2,50,1,1,100,0.67,0,0,20,110,83,317,0.4,5,15,4,60,64,0.938,0,0,0,26,86,17,0.83,6,0,2,15,0,18,0,1,9,1,6,0,0,0,0,15,0,6,9
2,10,4,10,40,0,0,0,0.4,0,0,25,147,106,765,0.83,12,27,14,50,54,0.926,0,0,0,14,106,14,0.88,5,2,1,5,0,11,1,4,13,0.917,12,0,0,0,1,58,1,7,8
16,2,0,2,0,1,1,100,0.33,0,0,24,101,105,328,0.17,3,14,5,72,77,0.935,0,0,0,10,97,27,0.78,5,1,2,5,0,13,4,1,11,0.765,8,2,0,0,0,13,0,6,12
11,3,3,3,100,3,3,100,1,0,0,24,119,99,318,0.75,3,15,3,77,79,0.975,0,0,0,12,143,20,0.88,3,1,1,9,0,14,1,2,13,0.933,15,2,0,0,1,30,1,4,9
3,1,1,1,100,2,2,100,1,0,1,21,142,125,344,0.25,3,20,12,96,10,0.941,0,0,0,11,115,15,0.88,9,1,1,3,0,13,2,1,14,0.867,9,0,0,0,0,13,0,10,15
8,0,0,0,0,5,7,71.42857143,0.71,0,0,19,121,109,319,0.51,8,21,6,76,81,0.938,5,6,0,20,99,17,0.85,6,0,0,4,0,12,3,0,14,0.8,9,0,0,0,1,15,1,6,14
0,2,0,2,0,1,2,50,0.25,0,0,28,117,107,321,0.49,5,17,10,66,74,0.892,7,8,0,17,122,21,0.85,4,0,0,6,0,14,0,3,12,1,14,0,0,0,0,13,0,4,9
4,4,3,4,75,4,4,100,0.88,0,0,31,195,128,614,0.38,15,24,22,74,76,0.974,0,0,0,10,167,14,0.92,6,2,1,5,0,8,1,1,12,0.889,10,0,0,0,1,38,1,8,6
9,0,0,0,0,3,4,75,0.75,0,0,21,134,141,432,0.62,4,14,4,99,10,0.925,0,0,0,16,107,24,0.82,5,1,2,6,0,12,1,1,8,0.923,6,0,0,0,0,9,0,6,10
5,2,2,2,100,2,3,66.66666667,0.8,0,0,22,109,92,372,0.4,5,16,5,64,68,0.941,5,5,1,15,137,16,0.9,3,1,0,7,1,12,5,1,8,0.706,6,0,0,0,1,20,1,4,9
4,1,1,1,100,4,6,66.66666667,0.71,0,2,25,203,136,492,0.6,8,16,15,96,10,0.96,0,0,0,11,99,16,0.86,7,0,1,3,0,8,1,5,12,0.889,9,0,0,0,0,19,0,7,6
3,1,0,1,0,6,7,85.71428571,0.75,0,1,28,94,90,331,0.5,7,14,5,57,60,0.95,8,8,1,12,92,14,0.87,2,2,1,5,1,18,3,2,11,0.857,7,0,0,0,1,23,0,4,11
8,2,2,2,100,4,5,80,0.86,0,0,29,86,90,355,0.5,5,14,6,58,59,0.983,2,2,1,19,89,14,0.86,5,1,2,2,1,11,2,3,18,0.846,11,0,0,0,0,26,1,6,7
5,2,1,2,50,5,7,71.42857143,0.67,0,1,16,145,151,551,0.5,8,27,13,91,96,0.948,0,0,0,12,140,13,0.92,4,1,1,5,0,8,2,1,7,0.8,10,0,0,0,1,27,1,5,13
8,1,1,1,100,5,7,71.42857143,0.75,0,0,19,119,113,348,0.5,4,13,7,93,96,0.969,1,1,1,13,140,26,0.84,5,1,1,4,1,7,1,2,8,0.875,13,0,0,0,0,22,0,6,10
